timestamp,p0_x,p0_y,p1_x,p1_y,p2_x,p2_y,p3_x,p3_y
1770523777.3383944,,,,,,,,
1770523777.348586,,,,,,,,
1770523777.359151,,,,,,,,
1770523777.3693013,,,,,,,,
1770523777.3794882,,,,,,,,
1770523777.3901854,,,,,,,,
1770523777.40031,,,,,,,,
1770523777.4104443,,,,,,,,
1770523777.4206107,,,,,,,,
1770523777.4308126,,,,,,,,
1770523777.4409597,,,,,,,,
1770523777.4510894,,,,,,,,
1770523777.4612656,,,,,,,,
1770523777.4714026,,,,,,,,
1770523777.4815195,,,,,,,,
1770523777.4916728,,,,,,,,
1770523777.5018404,,,,,,,,
1770523777.5120573,,,,,,,,
1770523777.5222092,,,,,,,,
1770523777.5323877,,,,,,,,
1770523777.5425472,,,,,,,,
1770523777.5526555,,,,,,,,
1770523777.562789,,,,,,,,
1770523777.5729249,,,,,,,,
1770523777.5830598,,,,,,,,
1770523777.593222,,,,,,,,
1770523777.603362,,,,,,,,
1770523777.6135035,,,,,,,,
1770523777.6236424,,,,,,,,
1770523777.6338089,,,,,,,,
1770523777.6439543,,,,,,,,
1770523777.6542053,,,,,,,,
1770523777.6643412,,,,,,,,
1770523777.6744876,,,,,,,,
1770523777.6846254,,,,,,,,
1770523777.694785,,,,,,,,
1770523777.7052686,,,,,,,,
1770523777.7154088,,,,,,,,
1770523777.7255557,,,,,,,,
1770523777.7357914,,,,,,,,
1770523777.7461054,,,,,,,,
1770523777.7562535,,,,,,,,
1770523777.766404,,,,,,,,
1770523777.776549,,,,,,,,
1770523777.7866929,,,,,,,,
1770523777.7968295,,,,,,,,
1770523777.8070269,,,,,,,,
1770523777.817236,,,,,,,,
1770523777.8273735,,,,,,,,
1770523777.8375235,,,,,,,,
1770523777.847808,,,,,,,,
1770523777.8579435,,,,,,,,
1770523777.868099,,,,,,,,
1770523777.8782394,,,,,,,,
1770523777.889115,,,,,,,,
1770523777.899282,,,,,,,,
1770523777.9094503,,,,,,,,
1770523777.9196882,,,,,,,,
1770523777.9298563,,,,,,,,
1770523777.9400811,,,,,,,,
1770523777.9502318,,,,,,,,
1770523777.9603832,,,,,,,,
1770523777.9706585,,,,,,,,
1770523777.98112,,,,,,,,
1770523777.991272,,,,,,,,
1770523778.0014539,,,,,,,,
1770523778.0116172,,,,,,,,
1770523778.0217552,,,,,,,,
1770523778.031898,,,,,,,,
1770523778.0421069,,,,,,,,
1770523778.052259,,,,,,,,
1770523778.062407,,,,,,,,
1770523778.0725565,,,,,,,,
1770523778.082696,,,,,,,,
1770523778.0928307,,,,,,,,
1770523778.1029456,,,,,,,,
1770523778.1130655,,,,,,,,
1770523778.1231828,,,,,,,,
1770523778.1333196,,,,,,,,
1770523778.1434467,,,,,,,,
1770523778.153571,,,,,,,,
1770523778.1661417,,,,,,,,
1770523778.176263,,,,,,,,
1770523778.186406,,,,,,,,
1770523778.1965404,,,,,,,,
1770523778.2066772,,,,,,,,
1770523778.2168097,,,,,,,,
1770523778.2274153,,,,,,,,
1770523778.23766,,,,,,,,
1770523778.2481174,,,,,,,,
1770523778.2582471,,,,,,,,
1770523778.2689855,,,,,,,,
1770523778.2791693,,,,,,,,
1770523778.2893102,,,,,,,,
1770523778.2994602,,,,,,,,
1770523778.3096116,,,,,,,,
1770523778.3197708,,,,,,,,
1770523778.3307455,,,,,,,,
1770523778.3409064,,,,,,,,
1770523778.351082,,,,,,,,
1770523778.3612354,,,,,,,,
1770523778.3713632,,,,,,,,
1770523778.381496,,,,,,,,
1770523778.3917065,,,,,,,,
1770523778.4018419,,,,,,,,
1770523778.4120355,561,310,,,,,,
1770523778.422231,312,740,,,,,,
1770523778.4324052,,,,,,,,
1770523778.4425347,,,,,,,,
1770523778.4527018,,,,,,,,
1770523778.4628422,,,,,,,,
1770523778.472983,,,,,,,,
1770523778.4830906,,,,,,,,
1770523778.4932334,,,,,,,,
1770523778.503371,,,,,,,,
1770523778.5143833,,,,,,,,
1770523778.5245445,,,,,,,,
1770523778.5346715,,,,,,,,
1770523778.5448246,,,,,,,,
1770523778.5549805,,,,,,,,
1770523778.565088,,,,,,,,
1770523778.5752115,,,,,,,,
1770523778.5853443,,,,,,,,
1770523778.595459,,,,,,,,
1770523778.6055892,,,,,,,,
1770523778.6157007,,,,,,,,
1770523778.6258302,,,,,,,,
1770523778.635964,,,,,,,,
1770523778.6461246,,,,,,,,
1770523778.6562417,,,,,,,,
1770523778.6664631,,,,,,,,
1770523778.6766024,,,,,,,,
1770523778.6867487,,,,,,,,
1770523778.6972384,,,,,,,,
1770523778.7073767,,,,,,,,
1770523778.7175343,,,,,,,,
1770523778.727706,,,,,,,,
1770523778.7378883,,,,,,,,
1770523778.748026,,,,,,,,
1770523778.7582002,,,,,,,,
1770523778.768357,,,,,,,,
1770523778.7785008,,,,,,,,
1770523778.7886,,,,,,,,
1770523778.7987502,,,,,,,,
1770523778.808896,,,,,,,,
1770523778.8190262,,,,,,,,
1770523778.8292267,,,,,,,,
1770523778.8393683,,,,,,,,
1770523778.8495204,,,,,,,,
1770523778.8597791,,,,,,,,
1770523778.869925,,,,,,,,
1770523778.8800883,,,,,,,,
1770523778.8902466,,,,,,,,
1770523778.9004068,,,,,,,,
1770523778.9105575,,,,,,,,
1770523778.9207072,,,,,,,,
1770523778.9308543,,,,,,,,
1770523778.9410284,,,,,,,,
1770523778.951207,,,,,,,,
1770523778.9613764,,,,,,,,
1770523778.9715316,,,,,,,,
1770523778.9816766,,,,,,,,
1770523778.991831,,,,,,,,
1770523779.0025666,,,,,,,,
1770523779.0127509,386,411,,,,,,
1770523779.0229084,,,,,,,,
1770523779.033049,,,,,,,,
1770523779.043183,,,,,,,,
1770523779.0533352,,,,,,,,
1770523779.0635004,,,,,,,,
1770523779.073706,,,,,,,,
1770523779.0838792,,,,,,,,
1770523779.0940607,,,,,,,,
1770523779.104207,,,,,,,,
1770523779.1144013,,,,,,,,
1770523779.1245508,,,,,,,,
1770523779.1347044,,,,,,,,
1770523779.144872,,,,,,,,
1770523779.1550543,,,,,,,,
1770523779.165213,,,,,,,,
1770523779.1753545,,,,,,,,
1770523779.1857157,,,,,,,,
1770523779.1958792,,,,,,,,
1770523779.2060168,,,,,,,,
1770523779.2161863,,,,,,,,
1770523779.2263436,,,,,,,,
1770523779.2364862,,,,,,,,
1770523779.2466803,,,,,,,,
1770523779.25683,,,,,,,,
1770523779.2669764,,,,,,,,
1770523779.2771,,,,,,,,
1770523779.2872512,,,,,,,,
1770523779.2976675,,,,,,,,
1770523779.3078134,,,,,,,,
1770523779.317973,,,,,,,,
1770523779.328146,232,156,,,,,,
1770523779.3383071,,,,,,,,
1770523779.3484488,,,,,,,,
1770523779.3586187,,,,,,,,
1770523779.368781,,,,,,,,
1770523779.3789418,,,,,,,,
1770523779.3890972,,,,,,,,
1770523779.399254,,,,,,,,
1770523779.4093826,,,,,,,,
1770523779.4195127,,,,,,,,
1770523779.4296515,,,,,,,,
1770523779.4397585,,,,,,,,
1770523779.449903,,,,,,,,
1770523779.4600966,,,,,,,,
1770523779.470227,,,,,,,,
1770523779.4806933,,,,,,,,
1770523779.4908495,,,,,,,,
1770523779.5010054,,,,,,,,
1770523779.5111701,,,,,,,,
1770523779.5213268,,,,,,,,
1770523779.5314872,,,,,,,,
1770523779.541643,,,,,,,,
1770523779.551869,,,,,,,,
1770523779.562062,,,,,,,,
1770523779.5722156,,,,,,,,
1770523779.582364,,,,,,,,
1770523779.5925279,,,,,,,,
1770523779.602657,,,,,,,,
1770523779.612797,,,,,,,,
1770523779.6229253,,,,,,,,
1770523779.633068,,,,,,,,
1770523779.6432216,,,,,,,,
1770523779.653398,,,,,,,,
1770523779.6643474,,,,,,,,
1770523779.6745024,,,,,,,,
1770523779.6846647,,,,,,,,
1770523779.6948223,,,,,,,,
1770523779.704986,,,,,,,,
1770523779.7150922,,,,,,,,
1770523779.7252264,,,,,,,,
1770523779.7353547,,,,,,,,
1770523779.7454817,,,,,,,,
1770523779.7556393,,,,,,,,
1770523779.765783,,,,,,,,
1770523779.775911,,,,,,,,
1770523779.7860482,,,,,,,,
1770523779.7961762,,,,,,,,
1770523779.8063045,,,,,,,,
1770523779.8164535,,,,,,,,
1770523779.8266177,,,,,,,,
1770523779.836766,,,,,,,,
1770523779.846931,,,,,,,,
1770523779.8571305,,,,,,,,
1770523779.867299,,,,,,,,
1770523779.8774636,,,,,,,,
1770523779.8876388,,,,,,,,
1770523779.8978915,,,,,,,,
1770523779.9080524,,,,,,,,
1770523779.918226,,,,,,,,
1770523779.9283745,,,,,,,,
1770523779.938537,,,,,,,,
1770523779.948701,,,,,,,,
1770523779.9588814,,,,,,,,
1770523779.969036,,,,,,,,
1770523779.979199,,,,,,,,
1770523779.9893737,,,,,,,,
1770523779.9995315,,,,,,,,
1770523780.0096877,,,,,,,,
1770523780.019823,,,,,,,,
1770523780.029959,,,,,,,,
1770523780.0400991,,,,,,,,
1770523780.0502656,,,,,,,,
1770523780.0604033,,,,,,,,
1770523780.0705457,,,,,,,,
1770523780.0807154,,,,,,,,
1770523780.0908656,,,,,,,,
1770523780.1009982,,,,,,,,
1770523780.1111152,,,,,,,,
1770523780.121266,,,,,,,,
1770523780.1314104,,,,,,,,
1770523780.141545,,,,,,,,
1770523780.151697,,,,,,,,
1770523780.1619651,,,,,,,,
1770523780.1720982,,,,,,,,
1770523780.1826115,,,,,,,,
1770523780.1927483,,,,,,,,
1770523780.2028913,,,,,,,,
1770523780.213022,,,,,,,,
1770523780.2231715,,,,,,,,
1770523780.2332864,,,,,,,,
1770523780.2434235,,,,,,,,
1770523780.2535808,,,,,,,,
1770523780.263729,,,,,,,,
1770523780.2738924,,,,,,,,
1770523780.2840707,,,,,,,,
1770523780.2942615,576,453,,,,,,
1770523780.3044026,576,453,,,,,,
1770523780.31457,576,453,,,,,,
1770523780.3247283,576,453,,,,,,
1770523780.3348875,,,,,,,,
1770523780.3450365,967,677,,,,,,
1770523780.3551936,967,677,,,,,,
1770523780.365324,967,677,,,,,,
1770523780.3754814,967,677,,,,,,
1770523780.3856122,967,677,,,,,,
1770523780.395816,,,,,,,,
1770523780.4059622,,,,,,,,
1770523780.416098,,,,,,,,
1770523780.4262438,,,,,,,,
1770523780.4364054,,,,,,,,
1770523780.4465697,,,,,,,,
1770523780.4567137,,,,,,,,
1770523780.4668834,,,,,,,,
1770523780.477078,,,,,,,,
1770523780.4872496,,,,,,,,
1770523780.4974222,,,,,,,,
1770523780.5076118,,,,,,,,
1770523780.5178366,958,427,,,,,,
1770523780.5280142,651,483,,,,,,
1770523780.538178,651,483,,,,,,
1770523780.5483532,651,483,,,,,,
1770523780.5584903,651,483,,,,,,
1770523780.568624,651,483,,,,,,
1770523780.5788276,672,514,,,,,,
1770523780.589005,672,514,,,,,,
1770523780.5991535,672,514,,,,,,
1770523780.6093452,,,,,,,,
1770523780.6194944,,,,,,,,
1770523780.629704,,,,,,,,
1770523780.6398482,,,,,,,,
1770523780.6500077,,,,,,,,
1770523780.6601517,,,,,,,,
1770523780.6702914,,,,,,,,
1770523780.6804526,,,,,,,,
1770523780.6906004,,,,,,,,
1770523780.7007487,,,,,,,,
1770523780.7109003,,,,,,,,
1770523780.7210686,,,,,,,,
1770523780.7312515,,,,,,,,
1770523780.7414072,,,,,,,,
1770523780.7515585,,,,,,,,
1770523780.7617142,,,,,,,,
1770523780.771867,,,,,,,,
1770523780.782034,,,,,,,,
1770523780.7922027,,,,,,,,
1770523780.8023572,,,,,,,,
1770523780.8125405,,,,,,,,
1770523780.8226907,,,,,,,,
1770523780.832862,,,,,,,,
1770523780.8430326,,,,,,,,
1770523780.8532107,,,,,,,,
1770523780.8633838,,,,,,,,
1770523780.8735433,,,,,,,,
1770523780.883682,,,,,,,,
1770523780.8938072,,,,,,,,
1770523780.9039528,,,,,,,,
1770523780.9142134,,,,,,,,
1770523780.9244351,,,,,,,,
1770523780.9345884,,,,,,,,
1770523780.9447248,,,,,,,,
1770523780.9549055,,,,,,,,
1770523780.9650831,,,,,,,,
1770523780.9752307,,,,,,,,
1770523780.9853816,,,,,,,,
1770523780.9955108,,,,,,,,
1770523781.0056527,,,,,,,,
1770523781.015733,,,,,,,,
1770523781.025881,,,,,,,,
1770523781.0360541,,,,,,,,
1770523781.0461974,,,,,,,,
1770523781.0563242,,,,,,,,
1770523781.0664866,,,,,,,,
1770523781.0766456,,,,,,,,
1770523781.0867867,,,,,,,,
1770523781.0968697,,,,,,,,
1770523781.1070037,,,,,,,,
1770523781.1171868,512,78,,,,,,
1770523781.1273348,512,78,,,,,,
1770523781.137512,0,725,,,,,,
1770523781.1476922,0,725,,,,,,
1770523781.1578496,0,725,,,,,,
1770523781.1680574,576,410,,,,,,
1770523781.1782434,,,,,,,,
1770523781.188385,,,,,,,,
1770523781.1985161,,,,,,,,
1770523781.2086668,,,,,,,,
1770523781.2188303,,,,,,,,
1770523781.228968,,,,,,,,
1770523781.2391016,,,,,,,,
1770523781.2492297,,,,,,,,
1770523781.2594311,,,,,,,,
1770523781.2695782,,,,,,,,
1770523781.279718,,,,,,,,
1770523781.2898664,,,,,,,,
1770523781.3000634,,,,,,,,
1770523781.3102357,,,,,,,,
1770523781.3204114,,,,,,,,
1770523781.3305712,,,,,,,,
1770523781.3407423,,,,,,,,
1770523781.3509085,,,,,,,,
1770523781.3610733,,,,,,,,
1770523781.3712323,,,,,,,,
1770523781.381384,,,,,,,,
1770523781.3915527,,,,,,,,
1770523781.40172,,,,,,,,
1770523781.4118688,,,,,,,,
1770523781.4220576,,,,,,,,
1770523781.4321988,,,,,,,,
1770523781.4423907,,,,,,,,
1770523781.4525635,,,,,,,,
1770523781.4627264,,,,,,,,
1770523781.472891,,,,,,,,
1770523781.4830685,,,,,,,,
1770523781.4932225,,,,,,,,
1770523781.5035126,,,,,,,,
1770523781.5136123,,,,,,,,
1770523781.5237727,,,,,,,,
1770523781.5339518,,,,,,,,
1770523781.5441053,,,,,,,,
1770523781.5542438,,,,,,,,
1770523781.5643876,,,,,,,,
1770523781.574543,,,,,,,,
1770523781.584721,,,,,,,,
1770523781.5948825,,,,,,,,
1770523781.6050682,,,,,,,,
1770523781.6152303,,,,,,,,
1770523781.6253977,,,,,,,,
1770523781.6355572,,,,,,,,
1770523781.6457293,,,,,,,,
1770523781.6559255,585,423,,,,,,
1770523781.6660872,585,423,,,,,,
1770523781.6762946,,,,,,,,
1770523781.6864295,,,,,,,,
1770523781.696599,,,,,,,,
1770523781.7067747,,,,,,,,
1770523781.7169268,,,,,,,,
1770523781.7270863,,,,,,,,
1770523781.7372448,,,,,,,,
1770523781.7474062,,,,,,,,
1770523781.7575705,,,,,,,,
1770523781.7678008,,,,,,,,
1770523781.7779608,,,,,,,,
1770523781.788103,,,,,,,,
1770523781.7983036,,,,,,,,
1770523781.8085003,,,,,,,,
1770523781.8186717,,,,,,,,
1770523781.8288329,,,,,,,,
1770523781.839027,,,,,,,,
1770523781.8492022,,,,,,,,
1770523781.859354,,,,,,,,
1770523781.869508,,,,,,,,
1770523781.8796678,,,,,,,,
1770523781.8898222,,,,,,,,
1770523781.9000006,,,,,,,,
1770523781.9101903,,,,,,,,
1770523781.9203517,,,,,,,,
1770523781.9305208,,,,,,,,
1770523781.9406946,,,,,,,,
1770523781.9508495,,,,,,,,
1770523781.9610283,,,,,,,,
1770523781.9712,,,,,,,,
1770523781.981389,,,,,,,,
1770523781.9915626,,,,,,,,
1770523782.0017385,,,,,,,,
1770523782.0119352,545,77,,,,,,
1770523782.02207,545,77,,,,,,
1770523782.0322495,,,,,,,,
1770523782.0423925,,,,,,,,
1770523782.0525467,,,,,,,,
1770523782.062711,,,,,,,,
1770523782.072899,,,,,,,,
1770523782.0830324,,,,,,,,
1770523782.0931828,,,,,,,,
1770523782.1033406,,,,,,,,
1770523782.1134737,,,,,,,,
1770523782.1236167,,,,,,,,
1770523782.1337872,,,,,,,,
1770523782.1439455,,,,,,,,
1770523782.154099,,,,,,,,
1770523782.1651404,,,,,,,,
1770523782.1752923,,,,,,,,
1770523782.1854649,,,,,,,,
1770523782.1956022,,,,,,,,
1770523782.2057598,,,,,,,,
1770523782.2159183,,,,,,,,
1770523782.2260764,,,,,,,,
1770523782.2362366,,,,,,,,
1770523782.2464106,,,,,,,,
1770523782.2565696,,,,,,,,
1770523782.266728,,,,,,,,
1770523782.276874,,,,,,,,
1770523782.287076,,,,,,,,
1770523782.2972229,,,,,,,,
1770523782.3073764,,,,,,,,
1770523782.3175468,,,,,,,,
1770523782.3277118,,,,,,,,
1770523782.3378942,,,,,,,,
1770523782.348138,,,,,,,,
1770523782.3583498,,,,,,,,
1770523782.3685083,,,,,,,,
1770523782.3786814,,,,,,,,
1770523782.3888526,,,,,,,,
1770523782.399021,,,,,,,,
1770523782.4091966,,,,,,,,
1770523782.4193742,,,,,,,,
1770523782.4295506,,,,,,,,
1770523782.439735,,,,,,,,
1770523782.4499009,,,,,,,,
1770523782.4600804,,,,,,,,
1770523782.4701927,,,,,,,,
1770523782.4803345,,,,,,,,
1770523782.4905343,,,,,,,,
1770523782.5018053,,,,,,,,
1770523782.5130954,,,,,,,,
1770523782.5275857,,,,,,,,
1770523782.5377543,,,,,,,,
1770523782.5479326,,,,,,,,
1770523782.5580888,,,,,,,,
1770523782.568275,,,,,,,,
1770523782.5784235,,,,,,,,
1770523782.58856,,,,,,,,
1770523782.5997572,,,,,,,,
1770523782.6098971,,,,,,,,
1770523782.6200922,,,,,,,,
1770523782.630233,,,,,,,,
1770523782.6403847,,,,,,,,
1770523782.6507263,,,,,,,,
1770523782.6609137,,,,,,,,
1770523782.6710827,,,,,,,,
1770523782.6812198,,,,,,,,
1770523782.6913693,,,,,,,,
1770523782.701535,,,,,,,,
1770523782.7116752,,,,,,,,
1770523782.7218482,,,,,,,,
1770523782.731978,,,,,,,,
1770523782.7421,,,,,,,,
1770523782.7522488,,,,,,,,
1770523782.7624037,,,,,,,,
1770523782.7725496,,,,,,,,
1770523782.7826927,,,,,,,,
1770523782.7928443,,,,,,,,
1770523782.8030064,,,,,,,,
1770523782.8131504,,,,,,,,
1770523782.823302,,,,,,,,
1770523782.8334515,,,,,,,,
1770523782.8435917,,,,,,,,
1770523782.8537755,,,,,,,,
1770523782.8639462,,,,,,,,
1770523782.8741014,,,,,,,,
1770523782.8842309,,,,,,,,
1770523782.8943744,,,,,,,,
1770523782.9045408,,,,,,,,
1770523782.9147575,,,,,,,,
1770523782.9249363,,,,,,,,
1770523782.9350967,,,,,,,,
1770523782.9452574,,,,,,,,
1770523782.9554324,,,,,,,,
1770523782.9655943,,,,,,,,
1770523782.9757433,,,,,,,,
1770523782.9858637,,,,,,,,
1770523782.9960086,,,,,,,,
1770523783.0061674,,,,,,,,
1770523783.0163028,,,,,,,,
1770523783.0264359,,,,,,,,
1770523783.0365672,,,,,,,,
1770523783.0467203,,,,,,,,
1770523783.0568688,,,,,,,,
1770523783.067009,,,,,,,,
1770523783.0771673,,,,,,,,
1770523783.0872684,,,,,,,,
1770523783.0974102,,,,,,,,
1770523783.1075776,,,,,,,,
1770523783.1177177,,,,,,,,
1770523783.1278827,,,,,,,,
1770523783.1380527,,,,,,,,
1770523783.1482153,,,,,,,,
1770523783.1583939,,,,,,,,
1770523783.1685736,,,,,,,,
1770523783.178731,,,,,,,,
1770523783.1889088,,,,,,,,
1770523783.1990688,,,,,,,,
1770523783.2092204,,,,,,,,
1770523783.2193582,,,,,,,,
1770523783.2297099,,,,,,,,
1770523783.2398503,,,,,,,,
1770523783.2499864,,,,,,,,
1770523783.260143,,,,,,,,
1770523783.2702835,,,,,,,,
1770523783.2804523,,,,,,,,
1770523783.290598,,,,,,,,
1770523783.3007464,,,,,,,,
1770523783.310901,,,,,,,,
1770523783.321052,,,,,,,,
1770523783.331481,,,,,,,,
1770523783.3416433,,,,,,,,
1770523783.351779,,,,,,,,
1770523783.361945,,,,,,,,
1770523783.3721101,,,,,,,,
1770523783.3822618,,,,,,,,
1770523783.3923965,,,,,,,,
1770523783.40254,,,,,,,,
1770523783.4126863,,,,,,,,
1770523783.4228578,,,,,,,,
1770523783.4329948,,,,,,,,
1770523783.443192,,,,,,,,
1770523783.4535098,,,,,,,,
1770523783.4636743,,,,,,,,
1770523783.4738104,,,,,,,,
1770523783.4839563,,,,,,,,
1770523783.4941177,,,,,,,,
1770523783.5043068,,,,,,,,
1770523783.5144765,,,,,,,,
1770523783.5246217,,,,,,,,
1770523783.53696,,,,,,,,
1770523783.547087,,,,,,,,
1770523783.5573149,,,,,,,,
1770523783.567457,,,,,,,,
1770523783.5775964,,,,,,,,
1770523783.5880187,,,,,,,,
1770523783.5982916,,,,,,,,
1770523783.6087875,,,,,,,,
1770523783.6189442,,,,,,,,
1770523783.6290894,,,,,,,,
1770523783.6392295,,,,,,,,
1770523783.6493664,,,,,,,,
1770523783.6595173,,,,,,,,
1770523783.6697292,,,,,,,,
1770523783.6800678,,,,,,,,
1770523783.6905463,,,,,,,,
1770523783.7007563,,,,,,,,
1770523783.7109704,,,,,,,,
1770523783.7210898,,,,,,,,
1770523783.7318544,,,,,,,,
1770523783.7421012,,,,,,,,
1770523783.7522388,,,,,,,,
1770523783.7623832,,,,,,,,
1770523783.7725208,,,,,,,,
1770523783.7827053,,,,,,,,
1770523783.7930784,,,,,,,,
1770523783.803217,,,,,,,,
1770523783.8133976,,,,,,,,
1770523783.8235579,,,,,,,,
1770523783.8337178,,,,,,,,
1770523783.843901,,,,,,,,
1770523783.8541145,,,,,,,,
1770523783.864275,,,,,,,,
1770523783.8744252,,,,,,,,
1770523783.8846068,,,,,,,,
1770523783.8947608,,,,,,,,
1770523783.9049165,,,,,,,,
1770523783.9150865,,,,,,,,
1770523783.9252665,,,,,,,,
1770523783.9354239,,,,,,,,
1770523783.945589,,,,,,,,
1770523783.9557664,,,,,,,,
1770523783.9660234,,,,,,,,
1770523783.9761605,,,,,,,,
1770523783.9862945,,,,,,,,
1770523783.9964209,,,,,,,,
1770523784.006551,,,,,,,,
1770523784.0166948,,,,,,,,
1770523784.026838,,,,,,,,
1770523784.0369842,,,,,,,,
1770523784.0471175,,,,,,,,
1770523784.0572717,,,,,,,,
1770523784.0674427,,,,,,,,
1770523784.0776064,,,,,,,,
1770523784.0877745,,,,,,,,
1770523784.0979319,,,,,,,,
1770523784.1081023,,,,,,,,
1770523784.118246,,,,,,,,
1770523784.128398,,,,,,,,
1770523784.1385195,,,,,,,,
1770523784.1486895,,,,,,,,
1770523784.1588895,,,,,,,,
1770523784.169064,,,,,,,,
1770523784.1792157,,,,,,,,
1770523784.189392,,,,,,,,
1770523784.1995335,,,,,,,,
1770523784.2096963,,,,,,,,
1770523784.2198544,,,,,,,,
1770523784.2300134,,,,,,,,
1770523784.24018,,,,,,,,
1770523784.2503557,,,,,,,,
1770523784.2612014,,,,,,,,
1770523784.2713423,,,,,,,,
1770523784.2814856,,,,,,,,
1770523784.291699,,,,,,,,
1770523784.3018358,,,,,,,,
1770523784.3119705,,,,,,,,
1770523784.3221092,,,,,,,,
1770523784.3322575,,,,,,,,
1770523784.3424196,,,,,,,,
1770523784.3525844,,,,,,,,
1770523784.3627212,,,,,,,,
1770523784.3728952,,,,,,,,
1770523784.3830378,,,,,,,,
1770523784.3931928,,,,,,,,
1770523784.4033594,,,,,,,,
1770523784.4135268,,,,,,,,
1770523784.4236917,,,,,,,,
1770523784.4338746,,,,,,,,
1770523784.4440386,,,,,,,,
1770523784.4542212,,,,,,,,
1770523784.464358,,,,,,,,
1770523784.4745185,,,,,,,,
1770523784.484718,,,,,,,,
1770523784.494886,,,,,,,,
1770523784.5050585,,,,,,,,
1770523784.5152168,,,,,,,,
1770523784.5253785,,,,,,,,
1770523784.5355535,876,570,,,,,,
1770523784.545716,876,570,,,,,,
1770523784.555948,,,,,,,,
1770523784.5660982,,,,,,,,
1770523784.5762546,,,,,,,,
1770523784.5864005,,,,,,,,
1770523784.5966034,,,,,,,,
1770523784.6067576,,,,,,,,
1770523784.6169193,,,,,,,,
1770523784.6270907,,,,,,,,
1770523784.6372476,,,,,,,,
1770523784.6473951,,,,,,,,
1770523784.657566,,,,,,,,
1770523784.6677396,,,,,,,,
1770523784.6779258,,,,,,,,
1770523784.6881204,,,,,,,,
1770523784.698282,,,,,,,,
1770523784.7084339,,,,,,,,
1770523784.7185812,,,,,,,,
1770523784.7287264,,,,,,,,
1770523784.7388613,,,,,,,,
1770523784.7489908,,,,,,,,
1770523784.759109,,,,,,,,
1770523784.7693133,,,,,,,,
1770523784.7797418,,,,,,,,
1770523784.7898922,,,,,,,,
1770523784.800072,,,,,,,,
1770523784.810212,,,,,,,,
1770523784.8203595,,,,,,,,
1770523784.830495,,,,,,,,
1770523784.8406327,,,,,,,,
1770523784.8507733,,,,,,,,
1770523784.8609152,,,,,,,,
1770523784.8710616,,,,,,,,
1770523784.881206,,,,,,,,
1770523784.8913403,,,,,,,,
1770523784.9014857,,,,,,,,
1770523784.911627,,,,,,,,
1770523784.9218483,,,,,,,,
1770523784.932101,,,,,,,,
1770523784.9422648,,,,,,,,
1770523784.952404,,,,,,,,
1770523784.9625409,,,,,,,,
1770523784.9727254,,,,,,,,
1770523784.982879,,,,,,,,
1770523784.9930227,,,,,,,,
1770523785.003181,,,,,,,,
1770523785.0133157,,,,,,,,
1770523785.0234706,,,,,,,,
1770523785.0336192,,,,,,,,
1770523785.043762,,,,,,,,
1770523785.0539262,,,,,,,,
1770523785.0640855,,,,,,,,
1770523785.0742111,,,,,,,,
1770523785.0843508,,,,,,,,
1770523785.0944798,,,,,,,,
1770523785.1046364,,,,,,,,
1770523785.1148021,,,,,,,,
1770523785.1249294,,,,,,,,
1770523785.135074,,,,,,,,
1770523785.145226,,,,,,,,
1770523785.1553533,,,,,,,,
1770523785.1654992,,,,,,,,
1770523785.175627,,,,,,,,
1770523785.185767,,,,,,,,
1770523785.1958923,,,,,,,,
1770523785.2060487,,,,,,,,
1770523785.2161999,,,,,,,,
1770523785.2263494,,,,,,,,
1770523785.236477,,,,,,,,
1770523785.2466028,,,,,,,,
1770523785.2568219,,,,,,,,
1770523785.266975,,,,,,,,
1770523785.2771027,,,,,,,,
1770523785.2872658,,,,,,,,
1770523785.2974265,,,,,,,,
1770523785.3075945,,,,,,,,
1770523785.3177543,,,,,,,,
1770523785.327915,,,,,,,,
1770523785.3380907,,,,,,,,
1770523785.349099,,,,,,,,
1770523785.3592837,,,,,,,,
1770523785.369434,,,,,,,,
1770523785.3796372,,,,,,,,
1770523785.38981,,,,,,,,
1770523785.399971,,,,,,,,
1770523785.4100928,,,,,,,,
1770523785.4202323,,,,,,,,
1770523785.4303994,,,,,,,,
1770523785.4405687,,,,,,,,
1770523785.4507308,,,,,,,,
1770523785.4609,,,,,,,,
1770523785.471068,,,,,,,,
1770523785.481363,,,,,,,,
1770523785.4915085,,,,,,,,
1770523785.5016696,,,,,,,,
1770523785.5118756,,,,,,,,
1770523785.5220509,,,,,,,,
1770523785.53221,,,,,,,,
1770523785.5423641,,,,,,,,
1770523785.55252,,,,,,,,
1770523785.5626836,,,,,,,,
1770523785.5728412,,,,,,,,
1770523785.5830288,,,,,,,,
1770523785.5931976,,,,,,,,
1770523785.6033611,,,,,,,,
1770523785.6135192,,,,,,,,
1770523785.6236916,,,,,,,,
1770523785.633865,,,,,,,,
1770523785.644054,,,,,,,,
1770523785.6542156,,,,,,,,
1770523785.6644402,,,,,,,,
1770523785.6746082,,,,,,,,
1770523785.6848128,,,,,,,,
1770523785.6949914,,,,,,,,
1770523785.7051756,,,,,,,,
1770523785.7153323,,,,,,,,
1770523785.725498,,,,,,,,
1770523785.7356708,,,,,,,,
1770523785.7458205,,,,,,,,
1770523785.7559533,,,,,,,,
1770523785.7660935,,,,,,,,
1770523785.7762196,,,,,,,,
1770523785.7863212,,,,,,,,
1770523785.7964883,,,,,,,,
1770523785.8066208,,,,,,,,
1770523785.8167734,,,,,,,,
1770523785.8269114,,,,,,,,
1770523785.8370795,,,,,,,,
1770523785.8474543,,,,,,,,
1770523785.8575993,,,,,,,,
1770523785.8677866,,,,,,,,
1770523785.8780146,,,,,,,,
1770523785.888181,,,,,,,,
1770523785.8983397,,,,,,,,
1770523785.9085095,,,,,,,,
1770523785.9186645,,,,,,,,
1770523785.928812,,,,,,,,
1770523785.9389489,,,,,,,,
1770523785.9491138,,,,,,,,
1770523785.959255,,,,,,,,
1770523785.9693904,,,,,,,,
1770523785.9795792,,,,,,,,
1770523785.989715,,,,,,,,
1770523785.9998648,,,,,,,,
1770523786.0100198,,,,,,,,
1770523786.0201764,,,,,,,,
1770523786.0303063,,,,,,,,
1770523786.040457,,,,,,,,
1770523786.0506244,,,,,,,,
1770523786.0607905,,,,,,,,
1770523786.070942,,,,,,,,
1770523786.081091,,,,,,,,
1770523786.0912385,,,,,,,,
1770523786.1014187,,,,,,,,
1770523786.111598,,,,,,,,
1770523786.1217697,,,,,,,,
1770523786.1319056,,,,,,,,
1770523786.142065,,,,,,,,
1770523786.1522486,,,,,,,,
1770523786.1624026,,,,,,,,
1770523786.172562,,,,,,,,
1770523786.1827374,,,,,,,,
1770523786.1928995,,,,,,,,
1770523786.2030754,,,,,,,,
1770523786.213218,,,,,,,,
1770523786.2233734,,,,,,,,
1770523786.233559,,,,,,,,
1770523786.2437055,,,,,,,,
1770523786.253867,,,,,,,,
1770523786.264021,,,,,,,,
1770523786.2741802,,,,,,,,
1770523786.284333,,,,,,,,
1770523786.2944891,,,,,,,,
1770523786.3046553,,,,,,,,
1770523786.3151243,,,,,,,,
1770523786.3252969,,,,,,,,
1770523786.3354628,,,,,,,,
1770523786.3456218,,,,,,,,
1770523786.3557837,,,,,,,,
1770523786.3659565,,,,,,,,
1770523786.3761053,,,,,,,,
1770523786.386296,,,,,,,,
1770523786.3964489,,,,,,,,
1770523786.4065864,,,,,,,,
1770523786.4167414,,,,,,,,
1770523786.4268987,,,,,,,,
1770523786.4370763,,,,,,,,
1770523786.4472466,,,,,,,,
1770523786.4574413,,,,,,,,
1770523786.4675927,,,,,,,,
1770523786.4777591,,,,,,,,
1770523786.4879234,,,,,,,,
1770523786.4981072,,,,,,,,
1770523786.5082772,,,,,,,,
1770523786.5184572,,,,,,,,
1770523786.5285964,,,,,,,,
1770523786.5387409,,,,,,,,
1770523786.5489106,,,,,,,,
1770523786.5590954,,,,,,,,
1770523786.5692344,,,,,,,,
1770523786.5794168,,,,,,,,
1770523786.5895863,,,,,,,,
1770523786.5997496,,,,,,,,
1770523786.6099072,,,,,,,,
1770523786.6200829,,,,,,,,
1770523786.6302216,,,,,,,,
1770523786.6403294,,,,,,,,
1770523786.6504896,,,,,,,,
1770523786.660658,,,,,,,,
1770523786.6708148,,,,,,,,
1770523786.680982,,,,,,,,
1770523786.6910975,,,,,,,,
1770523786.7012713,,,,,,,,
1770523786.7114363,,,,,,,,
1770523786.7216008,,,,,,,,
1770523786.7317612,,,,,,,,
1770523786.7419317,,,,,,,,
1770523786.7520955,,,,,,,,
1770523786.7622778,,,,,,,,
1770523786.7724495,,,,,,,,
1770523786.7826395,,,,,,,,
1770523786.792799,,,,,,,,
1770523786.8029819,,,,,,,,
1770523786.8131769,,,,,,,,
1770523786.8233376,,,,,,,,
1770523786.833505,,,,,,,,
1770523786.8436477,,,,,,,,
1770523786.853808,,,,,,,,
1770523786.8639827,,,,,,,,
1770523786.8741128,,,,,,,,
1770523786.8842936,,,,,,,,
1770523786.8944716,,,,,,,,
1770523786.9046593,,,,,,,,
1770523786.9148188,,,,,,,,
1770523786.9249792,,,,,,,,
1770523786.935116,,,,,,,,
1770523786.9452674,,,,,,,,
1770523786.9554334,,,,,,,,
1770523786.965583,,,,,,,,
1770523786.97577,,,,,,,,
1770523786.9859688,,,,,,,,
1770523786.9960854,,,,,,,,
1770523787.0062218,,,,,,,,
1770523787.0163572,,,,,,,,
1770523787.026515,,,,,,,,
1770523787.036679,,,,,,,,
1770523787.0468278,,,,,,,,
1770523787.056983,,,,,,,,
1770523787.067156,,,,,,,,
1770523787.0773752,,,,,,,,
1770523787.0875356,,,,,,,,
1770523787.0976825,,,,,,,,
1770523787.1078367,,,,,,,,
1770523787.1180077,,,,,,,,
1770523787.1281645,,,,,,,,
1770523787.13831,,,,,,,,
1770523787.148473,,,,,,,,
1770523787.1586592,,,,,,,,
1770523787.168795,,,,,,,,
1770523787.178934,,,,,,,,
1770523787.1890876,,,,,,,,
1770523787.1992354,,,,,,,,
1770523787.2093835,,,,,,,,
1770523787.219514,,,,,,,,
1770523787.2296486,,,,,,,,
1770523787.2397838,,,,,,,,
1770523787.2499883,,,,,,,,
1770523787.2600942,,,,,,,,
1770523787.2702568,,,,,,,,
1770523787.2804275,,,,,,,,
1770523787.2905736,,,,,,,,
1770523787.3007352,,,,,,,,
1770523787.3108964,,,,,,,,
1770523787.3210669,,,,,,,,
1770523787.3312151,,,,,,,,
1770523787.341444,,,,,,,,
1770523787.3516874,,,,,,,,
1770523787.361822,,,,,,,,
1770523787.37196,,,,,,,,
1770523787.3823566,,,,,,,,
1770523787.3925037,,,,,,,,
1770523787.402602,,,,,,,,
1770523787.4127467,,,,,,,,
1770523787.4229417,,,,,,,,
1770523787.4330788,,,,,,,,
1770523787.4432447,,,,,,,,
1770523787.4534068,,,,,,,,
1770523787.4635718,,,,,,,,
1770523787.473733,,,,,,,,
1770523787.4839118,,,,,,,,
1770523787.4940882,,,,,,,,
1770523787.5042593,,,,,,,,
1770523787.514439,,,,,,,,
1770523787.5246036,,,,,,,,
1770523787.5347598,,,,,,,,
1770523787.5449352,,,,,,,,
1770523787.555095,,,,,,,,
1770523787.5652642,,,,,,,,
1770523787.5754368,,,,,,,,
1770523787.585651,,,,,,,,
1770523787.5957804,,,,,,,,
1770523787.605909,,,,,,,,
1770523787.6160543,,,,,,,,
1770523787.6261837,,,,,,,,
1770523787.6363156,,,,,,,,
1770523787.6464627,,,,,,,,
1770523787.656595,,,,,,,,
1770523787.666722,,,,,,,,
1770523787.6768632,,,,,,,,
1770523787.6869526,,,,,,,,
1770523787.6972547,,,,,,,,
1770523787.7074053,,,,,,,,
1770523787.718008,,,,,,,,
1770523787.7281606,,,,,,,,
1770523787.7388237,,,,,,,,
1770523787.7489564,,,,,,,,
1770523787.7595186,,,,,,,,
1770523787.769651,,,,,,,,
1770523787.7798057,,,,,,,,
1770523787.789963,,,,,,,,
1770523787.8001022,,,,,,,,
1770523787.8102694,,,,,,,,
1770523787.8204293,,,,,,,,
1770523787.8305962,,,,,,,,
1770523787.840752,,,,,,,,
1770523787.8509402,712,713,,,,,,
1770523787.8611276,708,726,,,,,,
1770523787.8712852,708,726,,,,,,
1770523787.881456,708,726,,,,,,
1770523787.8916516,,,,,,,,
1770523787.9018366,,,,,,,,
1770523787.9119847,,,,,,,,
1770523787.9220998,,,,,,,,
1770523787.9322555,,,,,,,,
1770523787.9424136,,,,,,,,
1770523787.9525833,,,,,,,,
1770523787.9627347,,,,,,,,
1770523787.9728937,,,,,,,,
1770523787.9830666,,,,,,,,
1770523787.9932225,,,,,,,,
1770523788.0033846,,,,,,,,
1770523788.01396,,,,,,,,
1770523788.024103,,,,,,,,
1770523788.034276,,,,,,,,
1770523788.0444524,,,,,,,,
1770523788.0545986,,,,,,,,
1770523788.0647378,,,,,,,,
1770523788.0748587,,,,,,,,
1770523788.084987,,,,,,,,
1770523788.0950809,,,,,,,,
1770523788.1051984,,,,,,,,
1770523788.1153216,,,,,,,,
1770523788.125416,,,,,,,,
1770523788.1355581,,,,,,,,
1770523788.1456819,,,,,,,,
1770523788.1558013,,,,,,,,
1770523788.1661189,,,,,,,,
1770523788.1765993,,,,,,,,
1770523788.1867335,,,,,,,,
1770523788.1968656,,,,,,,,
1770523788.207026,,,,,,,,
1770523788.2172208,,,,,,,,
1770523788.2273805,,,,,,,,
1770523788.2375448,,,,,,,,
1770523788.247687,,,,,,,,
1770523788.257837,,,,,,,,
1770523788.2679894,,,,,,,,
1770523788.278089,,,,,,,,
1770523788.2882226,,,,,,,,
1770523788.2983582,,,,,,,,
1770523788.3085024,,,,,,,,
1770523788.3186536,,,,,,,,
1770523788.3288064,,,,,,,,
1770523788.3389666,,,,,,,,
1770523788.349098,,,,,,,,
1770523788.3592658,,,,,,,,
1770523788.369491,,,,,,,,
1770523788.379624,,,,,,,,
1770523788.3897865,,,,,,,,
1770523788.3999593,,,,,,,,
1770523788.410109,,,,,,,,
1770523788.4202917,,,,,,,,
1770523788.4304402,,,,,,,,
1770523788.440571,,,,,,,,
1770523788.4507108,,,,,,,,
1770523788.4608743,,,,,,,,
1770523788.4710197,,,,,,,,
1770523788.4811668,,,,,,,,
1770523788.49131,,,,,,,,
1770523788.5014431,,,,,,,,
1770523788.5115979,,,,,,,,
1770523788.5217955,,,,,,,,
1770523788.5319512,,,,,,,,
1770523788.5420928,,,,,,,,
1770523788.5522423,,,,,,,,
1770523788.5624015,,,,,,,,
1770523788.5725765,,,,,,,,
1770523788.5827246,,,,,,,,
1770523788.5928748,,,,,,,,
1770523788.6030235,,,,,,,,
1770523788.6131885,,,,,,,,
1770523788.623343,,,,,,,,
1770523788.6334949,,,,,,,,
1770523788.6436596,,,,,,,,
1770523788.653819,,,,,,,,
1770523788.6639767,,,,,,,,
1770523788.6740875,,,,,,,,
1770523788.684244,,,,,,,,
1770523788.6944199,,,,,,,,
1770523788.7045808,,,,,,,,
1770523788.7147565,,,,,,,,
1770523788.7249084,,,,,,,,
1770523788.7350972,,,,,,,,
1770523788.745253,,,,,,,,
1770523788.7554023,,,,,,,,
1770523788.7655518,,,,,,,,
1770523788.7756834,,,,,,,,
1770523788.785839,,,,,,,,
1770523788.7959754,,,,,,,,
1770523788.8061497,655,108,,,,,,
1770523788.816481,655,108,,,,,,
1770523788.8266284,655,108,,,,,,
1770523788.8373716,655,108,,,,,,
1770523788.8475049,655,108,,,,,,
1770523788.8576922,753,190,760,100,,,,
1770523788.8678555,753,190,760,100,,,,
1770523788.8779929,753,190,760,100,,,,
1770523788.8881688,753,190,760,100,,,,
1770523788.8983006,753,190,760,100,,,,
1770523788.9084585,,,,,,,,
1770523788.9186256,,,,,,,,
1770523788.928797,,,,,,,,
1770523788.9389703,,,,,,,,
1770523788.9490798,,,,,,,,
1770523788.9592347,,,,,,,,
1770523788.9693904,,,,,,,,
1770523788.9795225,,,,,,,,
1770523788.9896548,,,,,,,,
1770523788.9997816,,,,,,,,
1770523789.0099099,,,,,,,,
1770523789.0200512,,,,,,,,
1770523789.0301993,,,,,,,,
1770523789.040359,,,,,,,,
1770523789.0505226,,,,,,,,
1770523789.0606837,,,,,,,,
1770523789.0708375,,,,,,,,
1770523789.0809977,,,,,,,,
1770523789.091161,,,,,,,,
1770523789.101301,,,,,,,,
1770523789.1114414,,,,,,,,
1770523789.1215441,,,,,,,,
1770523789.1316886,,,,,,,,
1770523789.1418355,,,,,,,,
1770523789.153313,,,,,,,,
1770523789.163472,,,,,,,,
1770523789.1736438,,,,,,,,
1770523789.1838264,,,,,,,,
1770523789.194019,,,,,,,,
1770523789.204173,,,,,,,,
1770523789.2143443,,,,,,,,
1770523789.2245038,,,,,,,,
1770523789.2346656,,,,,,,,
1770523789.2448142,,,,,,,,
1770523789.2549596,,,,,,,,
1770523789.2650914,,,,,,,,
1770523789.275251,,,,,,,,
1770523789.2854044,,,,,,,,
1770523789.2955477,,,,,,,,
1770523789.3057034,,,,,,,,
1770523789.3158715,,,,,,,,
1770523789.3260245,,,,,,,,
1770523789.3362281,,,,,,,,
1770523789.3463929,,,,,,,,
1770523789.3565395,,,,,,,,
1770523789.3667078,,,,,,,,
1770523789.3768744,,,,,,,,
1770523789.3870373,,,,,,,,
1770523789.3976989,,,,,,,,
1770523789.4078352,,,,,,,,
1770523789.4179828,,,,,,,,
1770523789.4280806,,,,,,,,
1770523789.4382315,,,,,,,,
1770523789.448377,,,,,,,,
1770523789.4585137,,,,,,,,
1770523789.4686658,,,,,,,,
1770523789.4788134,,,,,,,,
1770523789.4889736,,,,,,,,
1770523789.4991486,,,,,,,,
1770523789.509308,,,,,,,,
1770523789.5194654,,,,,,,,
1770523789.5296402,,,,,,,,
1770523789.5398054,,,,,,,,
1770523789.549935,,,,,,,,
1770523789.5601354,,,,,,,,
1770523789.5703015,,,,,,,,
1770523789.5805197,,,,,,,,
1770523789.5906894,,,,,,,,
1770523789.6008794,,,,,,,,
1770523789.6110542,,,,,,,,
1770523789.6212096,,,,,,,,
1770523789.6313992,,,,,,,,
1770523789.641584,,,,,,,,
1770523789.6517518,,,,,,,,
1770523789.6619425,,,,,,,,
1770523789.6721323,,,,,,,,
1770523789.6822896,,,,,,,,
1770523789.6924834,,,,,,,,
1770523789.702653,,,,,,,,
1770523789.7128322,,,,,,,,
1770523789.722986,,,,,,,,
1770523789.7331712,,,,,,,,
1770523789.743331,,,,,,,,
1770523789.753474,,,,,,,,
1770523789.7636206,,,,,,,,
1770523789.7737796,,,,,,,,
1770523789.7839408,,,,,,,,
1770523789.7941031,,,,,,,,
1770523789.804256,,,,,,,,
1770523789.8147302,668,257,,,,,,
1770523789.8249164,,,,,,,,
1770523789.8350596,,,,,,,,
1770523789.8451936,,,,,,,,
1770523789.8553305,,,,,,,,
1770523789.8654652,,,,,,,,
1770523789.8755944,,,,,,,,
1770523789.8857265,,,,,,,,
1770523789.895883,,,,,,,,
1770523789.9060676,,,,,,,,
1770523789.9162316,,,,,,,,
1770523789.9263988,,,,,,,,
1770523789.9365427,,,,,,,,
1770523789.9468586,,,,,,,,
1770523789.9570186,,,,,,,,
1770523789.9671917,,,,,,,,
1770523789.9773526,,,,,,,,
1770523789.9874895,,,,,,,,
1770523789.9976532,,,,,,,,
1770523790.0078063,,,,,,,,
1770523790.0179653,,,,,,,,
1770523790.0281017,,,,,,,,
1770523790.0382404,,,,,,,,
1770523790.0484133,,,,,,,,
1770523790.058579,,,,,,,,
1770523790.0687268,,,,,,,,
1770523790.0788848,,,,,,,,
1770523790.0890481,,,,,,,,
1770523790.0992107,,,,,,,,
1770523790.1093695,,,,,,,,
1770523790.11952,,,,,,,,
1770523790.1296573,,,,,,,,
1770523790.139814,,,,,,,,
1770523790.1499567,,,,,,,,
1770523790.1601028,,,,,,,,
1770523790.170253,,,,,,,,
1770523790.1804,,,,,,,,
1770523790.1905549,,,,,,,,
1770523790.2007005,,,,,,,,
1770523790.2108347,,,,,,,,
1770523790.2209926,,,,,,,,
1770523790.2311754,,,,,,,,
1770523790.241319,,,,,,,,
1770523790.251478,,,,,,,,
1770523790.2616384,,,,,,,,
1770523790.2717965,,,,,,,,
1770523790.2819638,,,,,,,,
1770523790.2921138,,,,,,,,
1770523790.3022673,,,,,,,,
1770523790.3124347,,,,,,,,
1770523790.3226004,,,,,,,,
1770523790.3327572,,,,,,,,
1770523790.342908,,,,,,,,
1770523790.3530893,,,,,,,,
1770523790.3632443,,,,,,,,
1770523790.3734055,,,,,,,,
1770523790.383573,,,,,,,,
1770523790.3937318,,,,,,,,
1770523790.4038978,,,,,,,,
1770523790.414102,,,,,,,,
1770523790.424272,,,,,,,,
1770523790.4344373,,,,,,,,
1770523790.4446099,,,,,,,,
1770523790.4547822,,,,,,,,
1770523790.4649534,,,,,,,,
1770523790.4751148,,,,,,,,
1770523790.4853666,,,,,,,,
1770523790.4955354,,,,,,,,
1770523790.505697,,,,,,,,
1770523790.5158556,,,,,,,,
1770523790.5260186,,,,,,,,
1770523790.5361714,,,,,,,,
1770523790.5463495,,,,,,,,
1770523790.556521,,,,,,,,
1770523790.5667057,,,,,,,,
1770523790.5769155,,,,,,,,
1770523790.5870907,,,,,,,,
1770523790.5972538,,,,,,,,
1770523790.6074069,,,,,,,,
1770523790.6175835,,,,,,,,
1770523790.6277766,,,,,,,,
1770523790.6379392,,,,,,,,
1770523790.6480935,,,,,,,,
1770523790.658249,,,,,,,,
1770523790.6684225,,,,,,,,
1770523790.678585,,,,,,,,
1770523790.6888177,,,,,,,,
1770523790.6989639,,,,,,,,
1770523790.7090912,,,,,,,,
1770523790.7192514,,,,,,,,
1770523790.729403,,,,,,,,
1770523790.7395444,,,,,,,,
1770523790.7496943,,,,,,,,
1770523790.7598321,,,,,,,,
1770523790.7699728,,,,,,,,
1770523790.7800992,,,,,,,,
1770523790.7902472,,,,,,,,
1770523790.8003871,,,,,,,,
1770523790.8105292,,,,,,,,
1770523790.8206823,,,,,,,,
1770523790.8308458,,,,,,,,
1770523790.8410256,,,,,,,,
1770523790.85122,,,,,,,,
1770523790.861349,,,,,,,,
1770523790.8714914,,,,,,,,
1770523790.8816426,,,,,,,,
1770523790.891794,,,,,,,,
1770523790.9019375,,,,,,,,
1770523790.9120696,,,,,,,,
1770523790.922202,,,,,,,,
1770523790.9323494,,,,,,,,
1770523790.9425213,,,,,,,,
1770523790.9527032,,,,,,,,
1770523790.9628527,,,,,,,,
1770523790.9729924,,,,,,,,
1770523790.9831398,,,,,,,,
1770523790.993268,,,,,,,,
1770523791.0033948,,,,,,,,
1770523791.013551,,,,,,,,
1770523791.0236902,,,,,,,,
1770523791.0339003,,,,,,,,
1770523791.0440676,,,,,,,,
1770523791.0542085,,,,,,,,
1770523791.0643551,,,,,,,,
1770523791.0744896,,,,,,,,
1770523791.0846307,,,,,,,,
1770523791.0947664,,,,,,,,
1770523791.104904,,,,,,,,
1770523791.1150365,,,,,,,,
1770523791.1251767,,,,,,,,
1770523791.135307,,,,,,,,
1770523791.1455781,,,,,,,,
1770523791.155734,,,,,,,,
1770523791.165897,,,,,,,,
1770523791.176072,,,,,,,,
1770523791.1862206,,,,,,,,
1770523791.1963477,,,,,,,,
1770523791.206479,,,,,,,,
1770523791.2166154,,,,,,,,
1770523791.2267663,,,,,,,,
1770523791.2369103,,,,,,,,
1770523791.2470698,,,,,,,,
1770523791.2571988,,,,,,,,
1770523791.2673426,,,,,,,,
1770523791.2775178,,,,,,,,
1770523791.287698,,,,,,,,
1770523791.2978406,,,,,,,,
1770523791.307993,,,,,,,,
1770523791.3180835,,,,,,,,
1770523791.3282127,,,,,,,,
1770523791.3383837,,,,,,,,
1770523791.3485165,,,,,,,,
1770523791.3586519,,,,,,,,
1770523791.3688085,,,,,,,,
1770523791.37897,,,,,,,,
1770523791.3890934,,,,,,,,
1770523791.3992496,,,,,,,,
1770523791.4094148,,,,,,,,
1770523791.4195466,,,,,,,,
1770523791.4296799,,,,,,,,
1770523791.439819,,,,,,,,
1770523791.4499712,,,,,,,,
1770523791.460114,,,,,,,,
1770523791.4702811,,,,,,,,
1770523791.4804099,,,,,,,,
1770523791.4905183,,,,,,,,
1770523791.5006852,,,,,,,,
1770523791.5108564,,,,,,,,
1770523791.5210252,,,,,,,,
1770523791.53119,,,,,,,,
1770523791.541328,,,,,,,,
1770523791.5515156,,,,,,,,
1770523791.561692,,,,,,,,
1770523791.5718474,,,,,,,,
1770523791.5819952,,,,,,,,
1770523791.5921245,,,,,,,,
1770523791.6023326,,,,,,,,
1770523791.6125395,,,,,,,,
1770523791.6227021,,,,,,,,
1770523791.6328428,,,,,,,,
1770523791.6429849,,,,,,,,
1770523791.653138,,,,,,,,
1770523791.6638823,,,,,,,,
1770523791.6740184,,,,,,,,
1770523791.6841817,,,,,,,,
1770523791.694313,,,,,,,,
1770523791.7044454,,,,,,,,
1770523791.7145822,,,,,,,,
1770523791.7247193,,,,,,,,
1770523791.7348478,,,,,,,,
1770523791.7449791,,,,,,,,
1770523791.755083,,,,,,,,
1770523791.7652137,,,,,,,,
1770523791.7753406,,,,,,,,
1770523791.7854779,,,,,,,,
1770523791.7956057,,,,,,,,
1770523791.8057337,,,,,,,,
1770523791.815863,,,,,,,,
1770523791.8259974,,,,,,,,
1770523791.8362007,,,,,,,,
1770523791.8463416,,,,,,,,
1770523791.8564832,,,,,,,,
1770523791.8666298,,,,,,,,
1770523791.8767567,,,,,,,,
1770523791.886853,,,,,,,,
1770523791.897074,,,,,,,,
1770523791.9072092,,,,,,,,
1770523791.917356,,,,,,,,
1770523791.9274895,,,,,,,,
1770523791.9376137,,,,,,,,
1770523791.9477558,,,,,,,,
1770523791.9578962,,,,,,,,
1770523791.9680305,,,,,,,,
1770523791.9781768,,,,,,,,
1770523791.9883258,,,,,,,,
1770523791.998455,,,,,,,,
1770523792.0085802,,,,,,,,
1770523792.0187244,,,,,,,,
1770523792.0297203,,,,,,,,
1770523792.0398533,,,,,,,,
1770523792.0499926,,,,,,,,
1770523792.0600884,,,,,,,,
1770523792.070232,,,,,,,,
1770523792.080393,,,,,,,,
1770523792.090544,,,,,,,,
1770523792.1007056,,,,,,,,
1770523792.1108656,,,,,,,,
1770523792.1210296,,,,,,,,
1770523792.1311781,,,,,,,,
1770523792.1413264,,,,,,,,
1770523792.1515021,,,,,,,,
1770523792.1616664,,,,,,,,
1770523792.1718502,,,,,,,,
1770523792.182012,,,,,,,,
1770523792.1921856,,,,,,,,
1770523792.2023563,,,,,,,,
1770523792.21251,,,,,,,,
1770523792.2226539,,,,,,,,
1770523792.2327826,,,,,,,,
1770523792.2429485,,,,,,,,
1770523792.253083,,,,,,,,
1770523792.2632236,,,,,,,,
1770523792.2734199,,,,,,,,
1770523792.2835984,,,,,,,,
1770523792.2937846,,,,,,,,
1770523792.3039358,,,,,,,,
1770523792.3140857,,,,,,,,
1770523792.3242512,,,,,,,,
1770523792.3344443,,,,,,,,
1770523792.344586,,,,,,,,
1770523792.354757,,,,,,,,
1770523792.365589,,,,,,,,
1770523792.3757617,,,,,,,,
1770523792.385927,,,,,,,,
1770523792.396113,,,,,,,,
1770523792.40628,,,,,,,,
1770523792.416445,,,,,,,,
1770523792.4266112,,,,,,,,
1770523792.4367797,,,,,,,,
1770523792.446966,,,,,,,,
1770523792.4571183,,,,,,,,
1770523792.4672854,,,,,,,,
1770523792.477463,,,,,,,,
1770523792.487635,,,,,,,,
1770523792.4978223,,,,,,,,
1770523792.507994,,,,,,,,
1770523792.518174,,,,,,,,
1770523792.5283291,,,,,,,,
1770523792.538495,,,,,,,,
1770523792.5486743,,,,,,,,
1770523792.558846,,,,,,,,
1770523792.5690322,,,,,,,,
1770523792.5792325,,,,,,,,
1770523792.5893905,,,,,,,,
1770523792.5995493,,,,,,,,
1770523792.609713,,,,,,,,
1770523792.6198819,,,,,,,,
1770523792.6300764,,,,,,,,
1770523792.6402338,,,,,,,,
1770523792.6504173,,,,,,,,
1770523792.6606455,,,,,,,,
1770523792.6708632,,,,,,,,
1770523792.681037,,,,,,,,
1770523792.6911747,,,,,,,,
1770523792.7013047,,,,,,,,
1770523792.7114353,,,,,,,,
1770523792.7215738,,,,,,,,
1770523792.732007,,,,,,,,
1770523792.7421558,,,,,,,,
1770523792.7522979,,,,,,,,
1770523792.7624745,,,,,,,,
1770523792.7726028,,,,,,,,
1770523792.7827806,,,,,,,,
1770523792.7929943,,,,,,,,
1770523792.8031425,,,,,,,,
1770523792.8132784,,,,,,,,
1770523792.8234205,,,,,,,,
1770523792.833573,,,,,,,,
1770523792.8437493,,,,,,,,
1770523792.853905,,,,,,,,
1770523792.864032,,,,,,,,
1770523792.8742032,,,,,,,,
1770523792.8843405,,,,,,,,
1770523792.8945193,,,,,,,,
1770523792.904686,,,,,,,,
1770523792.914824,,,,,,,,
1770523792.924971,,,,,,,,
1770523792.9350963,,,,,,,,
1770523792.9452696,,,,,,,,
1770523792.9554322,,,,,,,,
1770523792.9655993,,,,,,,,
1770523792.9757586,,,,,,,,
1770523792.985926,,,,,,,,
1770523792.9965918,,,,,,,,
1770523793.0067692,,,,,,,,
1770523793.0169516,,,,,,,,
1770523793.0271087,,,,,,,,
1770523793.0372589,,,,,,,,
1770523793.0474315,,,,,,,,
1770523793.057608,,,,,,,,
1770523793.0677612,,,,,,,,
1770523793.0779085,,,,,,,,
1770523793.0880775,,,,,,,,
1770523793.0982099,,,,,,,,
1770523793.108348,,,,,,,,
1770523793.1184955,,,,,,,,
1770523793.1286473,,,,,,,,
1770523793.1388109,,,,,,,,
1770523793.148994,,,,,,,,
1770523793.1591616,,,,,,,,
1770523793.1693628,,,,,,,,
1770523793.1795135,,,,,,,,
1770523793.1896667,,,,,,,,
1770523793.1998305,,,,,,,,
1770523793.2099984,,,,,,,,
1770523793.2201679,,,,,,,,
1770523793.2303376,,,,,,,,
1770523793.240494,,,,,,,,
1770523793.2506578,,,,,,,,
1770523793.2608006,,,,,,,,
1770523793.2709634,,,,,,,,
1770523793.2811341,,,,,,,,
1770523793.2912817,,,,,,,,
1770523793.3014302,,,,,,,,
1770523793.311703,,,,,,,,
1770523793.3248672,,,,,,,,
1770523793.335299,,,,,,,,
1770523793.3455765,,,,,,,,
1770523793.3580856,,,,,,,,
1770523793.3682232,,,,,,,,
1770523793.378377,,,,,,,,
1770523793.3885107,,,,,,,,
1770523793.3986468,,,,,,,,
1770523793.408794,,,,,,,,
1770523793.4189308,,,,,,,,
1770523793.4290764,,,,,,,,
1770523793.4392233,,,,,,,,
1770523793.4493725,,,,,,,,
1770523793.4595447,,,,,,,,
1770523793.4696844,,,,,,,,
1770523793.479839,,,,,,,,
1770523793.4900098,,,,,,,,
1770523793.5001698,,,,,,,,
1770523793.5103486,,,,,,,,
1770523793.5205214,,,,,,,,
1770523793.5306726,,,,,,,,
1770523793.5408256,,,,,,,,
1770523793.5510135,,,,,,,,
1770523793.5611665,,,,,,,,
1770523793.5713165,,,,,,,,
1770523793.5814698,,,,,,,,
1770523793.5916133,,,,,,,,
1770523793.6017616,,,,,,,,
1770523793.6119082,,,,,,,,
1770523793.6220698,,,,,,,,
1770523793.632221,,,,,,,,
1770523793.6423934,,,,,,,,
1770523793.6525629,,,,,,,,
1770523793.6627069,,,,,,,,
1770523793.6728735,,,,,,,,
1770523793.6830363,,,,,,,,
1770523793.6932106,,,,,,,,
1770523793.703364,,,,,,,,
1770523793.713518,,,,,,,,
1770523793.7236836,,,,,,,,
1770523793.7338555,,,,,,,,
1770523793.7440023,,,,,,,,
1770523793.754191,,,,,,,,
1770523793.7643816,,,,,,,,
1770523793.7745388,,,,,,,,
1770523793.7847085,,,,,,,,
1770523793.79483,,,,,,,,
1770523793.8049977,,,,,,,,
1770523793.8151157,,,,,,,,
1770523793.825278,,,,,,,,
1770523793.8354213,,,,,,,,
1770523793.8455803,,,,,,,,
1770523793.8557377,,,,,,,,
1770523793.8659153,,,,,,,,
1770523793.876087,,,,,,,,
1770523793.8862998,,,,,,,,
1770523793.896486,,,,,,,,
1770523793.906651,,,,,,,,
1770523793.9169703,,,,,,,,
1770523793.927296,,,,,,,,
1770523793.9374228,,,,,,,,
1770523793.947566,,,,,,,,
1770523793.9577053,,,,,,,,
1770523793.9678512,,,,,,,,
1770523793.9779904,,,,,,,,
1770523793.9880867,,,,,,,,
1770523793.9982216,,,,,,,,
1770523794.0083706,,,,,,,,
1770523794.0185242,,,,,,,,
1770523794.028681,,,,,,,,
1770523794.0388343,,,,,,,,
1770523794.0489767,,,,,,,,
1770523794.059099,,,,,,,,
1770523794.0692406,,,,,,,,
1770523794.0793765,,,,,,,,
1770523794.089527,,,,,,,,
1770523794.0996852,,,,,,,,
1770523794.1098325,,,,,,,,
1770523794.1200256,,,,,,,,
1770523794.130171,,,,,,,,
1770523794.1403098,,,,,,,,
1770523794.150528,,,,,,,,
1770523794.160693,,,,,,,,
1770523794.170841,,,,,,,,
1770523794.180988,,,,,,,,
1770523794.1911585,,,,,,,,
1770523794.201296,,,,,,,,
1770523794.2114618,,,,,,,,
1770523794.2216363,,,,,,,,
1770523794.2317936,,,,,,,,
1770523794.2419422,,,,,,,,
1770523794.2521224,,,,,,,,
1770523794.2622774,,,,,,,,
1770523794.2724361,,,,,,,,
1770523794.2826052,,,,,,,,
1770523794.292792,,,,,,,,
1770523794.3029459,,,,,,,,
1770523794.3130953,,,,,,,,
1770523794.3232517,,,,,,,,
1770523794.333407,,,,,,,,
1770523794.343547,,,,,,,,
1770523794.3537176,,,,,,,,
1770523794.3638718,,,,,,,,
1770523794.374033,,,,,,,,
1770523794.3842041,,,,,,,,
1770523794.394358,,,,,,,,
1770523794.404512,,,,,,,,
1770523794.4146585,,,,,,,,
1770523794.4248047,,,,,,,,
1770523794.435003,,,,,,,,
1770523794.4451525,,,,,,,,
1770523794.4552934,,,,,,,,
1770523794.465423,,,,,,,,
1770523794.475546,,,,,,,,
1770523794.4857004,,,,,,,,
1770523794.495852,,,,,,,,
1770523794.5060267,,,,,,,,
1770523794.5161664,,,,,,,,
1770523794.526331,,,,,,,,
1770523794.5364633,,,,,,,,
1770523794.5466208,,,,,,,,
1770523794.5567791,,,,,,,,
1770523794.5669193,,,,,,,,
1770523794.5770738,,,,,,,,
1770523794.5872312,,,,,,,,
1770523794.5973694,,,,,,,,
1770523794.6074524,,,,,,,,
1770523794.6176057,,,,,,,,
1770523794.6277645,,,,,,,,
1770523794.637928,,,,,,,,
1770523794.6480806,,,,,,,,
1770523794.6582248,,,,,,,,
1770523794.668386,,,,,,,,
1770523794.6785436,,,,,,,,
1770523794.68871,,,,,,,,
1770523794.6988652,,,,,,,,
1770523794.7090228,,,,,,,,
1770523794.7191854,,,,,,,,
1770523794.7293217,,,,,,,,
1770523794.739487,,,,,,,,
1770523794.7496686,,,,,,,,
1770523794.759826,,,,,,,,
1770523794.7699895,,,,,,,,
1770523794.7801113,,,,,,,,
1770523794.7902603,,,,,,,,
1770523794.8004148,,,,,,,,
1770523794.8105676,,,,,,,,
1770523794.820718,,,,,,,,
1770523794.8308728,,,,,,,,
1770523794.8410263,,,,,,,,
1770523794.8512008,,,,,,,,
1770523794.8613424,,,,,,,,
1770523794.8715205,,,,,,,,
1770523794.8816679,,,,,,,,
1770523794.8918176,,,,,,,,
1770523794.9019802,,,,,,,,
1770523794.9120984,,,,,,,,
1770523794.9222436,,,,,,,,
1770523794.9323955,,,,,,,,
1770523794.9425604,,,,,,,,
1770523794.9527402,,,,,,,,
1770523794.9628978,,,,,,,,
1770523794.9730852,,,,,,,,
1770523794.9832594,,,,,,,,
1770523794.9934378,,,,,,,,
1770523795.0036402,,,,,,,,
1770523795.013817,,,,,,,,
1770523795.0239546,,,,,,,,
1770523795.0341456,,,,,,,,
1770523795.0442908,,,,,,,,
1770523795.0544593,,,,,,,,
1770523795.0646265,,,,,,,,
1770523795.0748017,,,,,,,,
1770523795.0849416,,,,,,,,
1770523795.0951102,,,,,,,,
1770523795.1052437,,,,,,,,
1770523795.1153924,,,,,,,,
1770523795.1255543,,,,,,,,
1770523795.1357014,,,,,,,,
1770523795.145857,,,,,,,,
1770523795.1560256,,,,,,,,
1770523795.166204,,,,,,,,
1770523795.1763763,,,,,,,,
1770523795.1865094,,,,,,,,
1770523795.196675,,,,,,,,
1770523795.2068279,,,,,,,,
1770523795.2169948,,,,,,,,
1770523795.2271597,,,,,,,,
1770523795.2373214,,,,,,,,
1770523795.247494,,,,,,,,
1770523795.2576609,,,,,,,,
1770523795.2678206,,,,,,,,
1770523795.2779918,,,,,,,,
1770523795.28817,,,,,,,,
1770523795.2983046,,,,,,,,
1770523795.308457,,,,,,,,
1770523795.3186116,,,,,,,,
1770523795.3287597,,,,,,,,
1770523795.3389254,,,,,,,,
1770523795.3491118,,,,,,,,
1770523795.3592725,,,,,,,,
1770523795.3694208,,,,,,,,
1770523795.3795755,,,,,,,,
1770523795.389736,,,,,,,,
1770523795.3999038,,,,,,,,
1770523795.4100738,,,,,,,,
1770523795.4202325,,,,,,,,
1770523795.4307497,,,,,,,,
1770523795.4409287,,,,,,,,
1770523795.4511023,,,,,,,,
1770523795.4613056,,,,,,,,
1770523795.4714942,,,,,,,,
1770523795.4816577,,,,,,,,
1770523795.49182,,,,,,,,
1770523795.5019948,,,,,,,,
1770523795.5120845,,,,,,,,
1770523795.5222242,,,,,,,,
1770523795.532427,,,,,,,,
1770523795.5426333,,,,,,,,
1770523795.5528038,,,,,,,,
1770523795.5629516,,,,,,,,
1770523795.5731058,,,,,,,,
1770523795.583261,,,,,,,,
1770523795.5934165,,,,,,,,
1770523795.603574,,,,,,,,
1770523795.6137588,,,,,,,,
1770523795.6239276,,,,,,,,
1770523795.6340866,,,,,,,,
1770523795.644254,,,,,,,,
1770523795.6544285,,,,,,,,
1770523795.6646175,,,,,,,,
1770523795.6747682,,,,,,,,
1770523795.6849189,,,,,,,,
1770523795.6950583,,,,,,,,
1770523795.7052045,,,,,,,,
1770523795.7154393,,,,,,,,
1770523795.7258165,,,,,,,,
1770523795.7359548,,,,,,,,
1770523795.7460916,,,,,,,,
1770523795.7562292,,,,,,,,
1770523795.7663748,,,,,,,,
1770523795.776491,,,,,,,,
1770523795.7866383,,,,,,,,
1770523795.7972267,,,,,,,,
1770523795.8073645,,,,,,,,
1770523795.8175306,,,,,,,,
1770523795.8277266,,,,,,,,
1770523795.8379543,,,,,,,,
1770523795.8482308,,,,,,,,
1770523795.8583605,,,,,,,,
1770523795.8685105,,,,,,,,
1770523795.8786454,,,,,,,,
1770523795.888786,,,,,,,,
1770523795.898917,,,,,,,,
1770523795.9090683,,,,,,,,
1770523795.9192178,,,,,,,,
1770523795.9293864,,,,,,,,
1770523795.9395416,,,,,,,,
1770523795.9497204,,,,,,,,
1770523795.9598885,,,,,,,,
1770523795.9700446,,,,,,,,
1770523795.9801915,,,,,,,,
1770523795.9903224,,,,,,,,
1770523796.0004501,,,,,,,,
1770523796.0105808,,,,,,,,
1770523796.0207274,,,,,,,,
1770523796.03086,,,,,,,,
1770523796.041065,,,,,,,,
1770523796.0512276,,,,,,,,
1770523796.0613828,,,,,,,,
1770523796.0715294,,,,,,,,
1770523796.0817418,,,,,,,,
1770523796.0919092,,,,,,,,
1770523796.1020722,,,,,,,,
1770523796.1122186,,,,,,,,
1770523796.1223624,,,,,,,,
1770523796.1325064,,,,,,,,
1770523796.142902,,,,,,,,
1770523796.1530647,,,,,,,,
1770523796.1632006,,,,,,,,
1770523796.173346,,,,,,,,
1770523796.183481,,,,,,,,
1770523796.1936128,,,,,,,,
1770523796.2037468,,,,,,,,
1770523796.213898,,,,,,,,
1770523796.2240644,,,,,,,,
1770523796.234233,,,,,,,,
1770523796.2443979,,,,,,,,
1770523796.2545702,,,,,,,,
1770523796.2647407,,,,,,,,
1770523796.2748861,,,,,,,,
1770523796.2850368,,,,,,,,
1770523796.2951975,,,,,,,,
1770523796.3053598,,,,,,,,
1770523796.3155072,,,,,,,,
1770523796.3256364,,,,,,,,
1770523796.3357644,,,,,,,,
1770523796.3459604,,,,,,,,
1770523796.3560822,,,,,,,,
1770523796.3662155,,,,,,,,
1770523796.3763447,,,,,,,,
1770523796.386473,,,,,,,,
1770523796.3966405,,,,,,,,
1770523796.4068065,,,,,,,,
1770523796.4169745,,,,,,,,
1770523796.4271042,,,,,,,,
1770523796.4372602,,,,,,,,
1770523796.447437,,,,,,,,
1770523796.4575934,,,,,,,,
1770523796.4677346,,,,,,,,
1770523796.477915,,,,,,,,
1770523796.488082,,,,,,,,
1770523796.4982781,,,,,,,,
1770523796.508442,,,,,,,,
1770523796.518622,,,,,,,,
1770523796.5287623,,,,,,,,
1770523796.538926,,,,,,,,
1770523796.5491257,,,,,,,,
1770523796.559288,,,,,,,,
1770523796.5694857,,,,,,,,
1770523796.579656,,,,,,,,
1770523796.5898235,,,,,,,,
1770523796.6000032,,,,,,,,
1770523796.610181,,,,,,,,
1770523796.6203396,,,,,,,,
1770523796.630508,,,,,,,,
1770523796.6406758,,,,,,,,
1770523796.6508622,,,,,,,,
1770523796.661027,,,,,,,,
1770523796.671199,,,,,,,,
1770523796.6819193,,,,,,,,
1770523796.6921062,,,,,,,,
1770523796.7022917,,,,,,,,
1770523796.712453,,,,,,,,
1770523796.7226338,,,,,,,,
1770523796.732828,,,,,,,,
1770523796.7430003,,,,,,,,
1770523796.7531812,,,,,,,,
1770523796.7633402,,,,,,,,
1770523796.7735255,,,,,,,,
1770523796.7836936,,,,,,,,
1770523796.793859,,,,,,,,
1770523796.8040268,,,,,,,,
1770523796.8142078,,,,,,,,
1770523796.82438,,,,,,,,
1770523796.834531,,,,,,,,
1770523796.844681,,,,,,,,
1770523796.8548663,,,,,,,,
1770523796.8650162,,,,,,,,
1770523796.8751895,,,,,,,,
1770523796.885343,,,,,,,,
1770523796.8955,,,,,,,,
1770523796.9056563,,,,,,,,
1770523796.9157948,,,,,,,,
1770523796.925936,,,,,,,,
1770523796.936081,,,,,,,,
1770523796.9462576,,,,,,,,
1770523796.9564126,,,,,,,,
1770523796.966573,,,,,,,,
1770523796.9767342,,,,,,,,
1770523796.986887,,,,,,,,
1770523796.9970357,,,,,,,,
1770523797.007252,,,,,,,,
1770523797.0174313,,,,,,,,
1770523797.027595,,,,,,,,
1770523797.037746,,,,,,,,
1770523797.047927,,,,,,,,
1770523797.0581,,,,,,,,
1770523797.0682397,,,,,,,,
1770523797.078419,,,,,,,,
1770523797.0886037,,,,,,,,
1770523797.0987551,,,,,,,,
1770523797.10891,,,,,,,,
1770523797.119074,,,,,,,,
1770523797.129221,,,,,,,,
1770523797.1393883,,,,,,,,
1770523797.1495569,,,,,,,,
1770523797.1597137,,,,,,,,
1770523797.169887,,,,,,,,
1770523797.1800747,,,,,,,,
1770523797.1902344,,,,,,,,
1770523797.2004418,197,218,,,,,,
1770523797.2106264,197,218,,,,,,
1770523797.220826,338,28,,,,,,
1770523797.23099,338,28,,,,,,
1770523797.241178,338,28,,,,,,
1770523797.2513704,,,,,,,,
1770523797.261576,337,61,,,,,,
1770523797.2718098,,,,,,,,
1770523797.2819784,,,,,,,,
1770523797.2921062,,,,,,,,
1770523797.302248,,,,,,,,
1770523797.312401,,,,,,,,
1770523797.322561,,,,,,,,
1770523797.3326843,,,,,,,,
1770523797.3428376,,,,,,,,
1770523797.352985,,,,,,,,
1770523797.3630974,,,,,,,,
1770523797.373243,,,,,,,,
1770523797.383397,,,,,,,,
1770523797.3935888,,,,,,,,
1770523797.4037578,,,,,,,,
1770523797.4139326,,,,,,,,
1770523797.4241188,,,,,,,,
1770523797.434265,,,,,,,,
1770523797.444417,,,,,,,,
1770523797.4545758,,,,,,,,
1770523797.4647527,,,,,,,,
1770523797.4749167,,,,,,,,
1770523797.4850695,,,,,,,,
1770523797.495231,,,,,,,,
1770523797.5053763,,,,,,,,
1770523797.515572,10,626,447,142,,,,
1770523797.5257268,10,626,447,142,,,,
1770523797.5358715,10,626,447,142,,,,
1770523797.546018,10,626,447,142,,,,
1770523797.5562174,,,,,,,,
1770523797.5663612,,,,,,,,
1770523797.5765264,,,,,,,,
1770523797.586667,,,,,,,,
1770523797.596809,,,,,,,,
1770523797.6069617,,,,,,,,
1770523797.6170986,,,,,,,,
1770523797.6272485,,,,,,,,
1770523797.6374032,,,,,,,,
1770523797.647549,,,,,,,,
1770523797.657711,,,,,,,,
1770523797.6678598,,,,,,,,
1770523797.678016,,,,,,,,
1770523797.6881893,,,,,,,,
1770523797.6984227,,,,,,,,
1770523797.7085774,,,,,,,,
1770523797.7187192,,,,,,,,
1770523797.728859,,,,,,,,
1770523797.7390144,,,,,,,,
1770523797.7492175,509,682,,,,,,
1770523797.759357,509,682,,,,,,
1770523797.769523,509,682,,,,,,
1770523797.7796686,509,682,,,,,,
1770523797.789968,,,,,,,,
1770523797.8008215,,,,,,,,
1770523797.8109536,,,,,,,,
1770523797.821095,,,,,,,,
1770523797.8313107,,,,,,,,
1770523797.8414474,,,,,,,,
1770523797.851788,,,,,,,,
1770523797.861941,,,,,,,,
1770523797.8721042,,,,,,,,
1770523797.8822515,,,,,,,,
1770523797.8924136,,,,,,,,
1770523797.9025323,,,,,,,,
1770523797.9129167,,,,,,,,
1770523797.9230561,,,,,,,,
1770523797.9332125,,,,,,,,
1770523797.9433515,,,,,,,,
1770523797.953526,,,,,,,,
1770523797.9636192,,,,,,,,
1770523797.9737723,,,,,,,,
1770523797.9841828,,,,,,,,
1770523797.994783,,,,,,,,
1770523798.0049233,,,,,,,,
1770523798.0150568,,,,,,,,
1770523798.0251942,,,,,,,,
1770523798.035369,,,,,,,,
1770523798.0455046,,,,,,,,
1770523798.0556335,,,,,,,,
1770523798.0657992,,,,,,,,
1770523798.075957,,,,,,,,
1770523798.086095,,,,,,,,
1770523798.096233,,,,,,,,
1770523798.1063595,,,,,,,,
1770523798.11709,,,,,,,,
1770523798.1272078,,,,,,,,
1770523798.1373878,,,,,,,,
1770523798.147503,,,,,,,,
1770523798.1576157,,,,,,,,
1770523798.1677277,,,,,,,,
1770523798.1778698,,,,,,,,
1770523798.1880095,,,,,,,,
1770523798.1981707,,,,,,,,
1770523798.208322,,,,,,,,
1770523798.2184985,,,,,,,,
1770523798.2286525,,,,,,,,
1770523798.2388167,,,,,,,,
1770523798.2489874,,,,,,,,
1770523798.2590992,,,,,,,,
1770523798.2692473,,,,,,,,
1770523798.2793941,,,,,,,,
1770523798.2895484,,,,,,,,
1770523798.299709,,,,,,,,
1770523798.309875,,,,,,,,
1770523798.3200362,,,,,,,,
1770523798.3302808,,,,,,,,
1770523798.3404527,,,,,,,,
1770523798.3506114,,,,,,,,
1770523798.3607695,,,,,,,,
1770523798.3709247,,,,,,,,
1770523798.381106,,,,,,,,
1770523798.3912628,,,,,,,,
1770523798.4014325,,,,,,,,
1770523798.411614,,,,,,,,
1770523798.4217865,,,,,,,,
1770523798.431957,,,,,,,,
1770523798.4421024,,,,,,,,
1770523798.452275,,,,,,,,
1770523798.4624598,,,,,,,,
1770523798.4726772,,,,,,,,
1770523798.482994,,,,,,,,
1770523798.4932594,,,,,,,,
1770523798.5034342,,,,,,,,
1770523798.513615,,,,,,,,
1770523798.5238128,568,672,,,,,,
1770523798.5339792,568,672,,,,,,
1770523798.544159,568,672,,,,,,
1770523798.5543177,568,672,,,,,,
1770523798.5644982,568,672,,,,,,
1770523798.5747404,,,,,,,,
1770523798.5849218,,,,,,,,
1770523798.5950935,,,,,,,,
1770523798.6052573,,,,,,,,
1770523798.615407,,,,,,,,
1770523798.6255624,,,,,,,,
1770523798.6357155,,,,,,,,
1770523798.6458673,,,,,,,,
1770523798.65601,,,,,,,,
1770523798.6661987,,,,,,,,
1770523798.6763597,,,,,,,,
1770523798.6865115,,,,,,,,
1770523798.696688,,,,,,,,
1770523798.7068675,,,,,,,,
1770523798.7170286,,,,,,,,
1770523798.7272193,,,,,,,,
1770523798.737423,,,,,,,,
1770523798.747591,,,,,,,,
1770523798.7577996,,,,,,,,
1770523798.7679598,,,,,,,,
1770523798.7781157,,,,,,,,
1770523798.7882833,,,,,,,,
1770523798.798473,,,,,,,,
1770523798.8086503,,,,,,,,
1770523798.8188024,,,,,,,,
1770523798.8304076,,,,,,,,
1770523798.8405685,,,,,,,,
1770523798.8507545,,,,,,,,
1770523798.8609157,,,,,,,,
1770523798.8724606,,,,,,,,
1770523798.882605,,,,,,,,
1770523798.8927386,,,,,,,,
1770523798.9028916,,,,,,,,
1770523798.9130359,,,,,,,,
1770523798.923187,,,,,,,,
1770523798.9333324,,,,,,,,
1770523798.943507,,,,,,,,
1770523798.953676,,,,,,,,
1770523798.9638317,,,,,,,,
1770523798.9739764,,,,,,,,
1770523798.9840853,,,,,,,,
1770523798.9942663,410,673,,,,,,
1770523799.0044098,410,673,,,,,,
1770523799.0156636,,,,,,,,
1770523799.0257947,,,,,,,,
1770523799.035903,,,,,,,,
1770523799.046057,,,,,,,,
1770523799.0562441,,,,,,,,
1770523799.0663958,,,,,,,,
1770523799.0765424,,,,,,,,
1770523799.086723,,,,,,,,
1770523799.0968735,,,,,,,,
1770523799.1070013,,,,,,,,
1770523799.1171665,,,,,,,,
1770523799.1273148,,,,,,,,
1770523799.137495,,,,,,,,
1770523799.1476593,,,,,,,,
1770523799.1578245,,,,,,,,
1770523799.1679628,,,,,,,,
1770523799.178097,,,,,,,,
1770523799.1882446,,,,,,,,
1770523799.1983726,,,,,,,,
1770523799.2085266,,,,,,,,
1770523799.21866,,,,,,,,
1770523799.228789,,,,,,,,
1770523799.2389507,,,,,,,,
1770523799.249098,,,,,,,,
1770523799.2592525,,,,,,,,
1770523799.2694113,,,,,,,,
1770523799.2795517,,,,,,,,
1770523799.289712,,,,,,,,
1770523799.2998667,,,,,,,,
1770523799.310035,,,,,,,,
1770523799.320182,,,,,,,,
1770523799.3303163,,,,,,,,
1770523799.3404765,,,,,,,,
1770523799.3506463,,,,,,,,
1770523799.360814,,,,,,,,
1770523799.370982,,,,,,,,
1770523799.3811011,,,,,,,,
1770523799.391259,,,,,,,,
1770523799.4014127,,,,,,,,
1770523799.4115713,,,,,,,,
1770523799.4216788,,,,,,,,
1770523799.4318223,,,,,,,,
1770523799.441988,,,,,,,,
1770523799.4520879,,,,,,,,
1770523799.4624932,,,,,,,,
1770523799.4726684,,,,,,,,
1770523799.4828281,,,,,,,,
1770523799.4929888,,,,,,,,
1770523799.5031688,,,,,,,,
1770523799.5133216,,,,,,,,
1770523799.523472,,,,,,,,
1770523799.5336237,,,,,,,,
1770523799.5438068,,,,,,,,
1770523799.5540025,,,,,,,,
1770523799.5641086,,,,,,,,
1770523799.5742557,,,,,,,,
1770523799.5844238,,,,,,,,
1770523799.5946171,468,667,,,,,,
1770523799.6047783,468,667,,,,,,
1770523799.6149642,,,,,,,,
1770523799.6250792,,,,,,,,
1770523799.635213,,,,,,,,
1770523799.6453464,,,,,,,,
1770523799.6555066,,,,,,,,
1770523799.6656482,,,,,,,,
1770523799.6757922,,,,,,,,
1770523799.685924,,,,,,,,
1770523799.6962693,,,,,,,,
1770523799.707278,,,,,,,,
1770523799.7174358,,,,,,,,
1770523799.7280002,,,,,,,,
1770523799.7381637,,,,,,,,
1770523799.7485847,,,,,,,,
1770523799.759211,,,,,,,,
1770523799.7693622,,,,,,,,
1770523799.7794974,,,,,,,,
1770523799.7896483,,,,,,,,
1770523799.799775,,,,,,,,
1770523799.809915,,,,,,,,
1770523799.8200557,,,,,,,,
1770523799.8302348,,,,,,,,
1770523799.840816,,,,,,,,
1770523799.8512142,,,,,,,,
1770523799.8613453,,,,,,,,
1770523799.8714755,,,,,,,,
1770523799.8816228,,,,,,,,
1770523799.8917518,,,,,,,,
1770523799.9018803,,,,,,,,
1770523799.9122112,,,,,,,,
1770523799.922342,,,,,,,,
1770523799.9324656,,,,,,,,
1770523799.942603,,,,,,,,
1770523799.9527326,,,,,,,,
1770523799.96286,,,,,,,,
1770523799.9729981,,,,,,,,
1770523799.983141,,,,,,,,
1770523799.9932907,,,,,,,,
1770523800.0034463,,,,,,,,
1770523800.013654,,,,,,,,
1770523800.023812,,,,,,,,
1770523800.0339658,,,,,,,,
1770523800.0441105,,,,,,,,
1770523800.0542758,,,,,,,,
1770523800.0643704,,,,,,,,
1770523800.074539,,,,,,,,
1770523800.0846782,,,,,,,,
1770523800.095236,,,,,,,,
1770523800.105955,,,,,,,,
1770523800.116106,,,,,,,,
1770523800.1262665,,,,,,,,
1770523800.136401,,,,,,,,
1770523800.146555,,,,,,,,
1770523800.156784,,,,,,,,
1770523800.1669142,,,,,,,,
1770523800.177048,,,,,,,,
1770523800.1871974,,,,,,,,
1770523800.197336,,,,,,,,
1770523800.2074695,,,,,,,,
1770523800.2176237,,,,,,,,
1770523800.227793,,,,,,,,
1770523800.237962,,,,,,,,
1770523800.2480922,,,,,,,,
1770523800.258244,,,,,,,,
1770523800.2683918,,,,,,,,
1770523800.278543,,,,,,,,
1770523800.2890525,,,,,,,,
1770523800.2991896,,,,,,,,
1770523800.3093212,,,,,,,,
1770523800.3195293,,,,,,,,
1770523800.329634,,,,,,,,
1770523800.3400836,,,,,,,,
1770523800.3502247,,,,,,,,
1770523800.3603618,,,,,,,,
1770523800.370515,,,,,,,,
1770523800.3806562,,,,,,,,
1770523800.3907716,,,,,,,,
1770523800.400956,,,,,,,,
1770523800.4111416,,,,,,,,
1770523800.421275,,,,,,,,
1770523800.4315233,,,,,,,,
1770523800.441664,,,,,,,,
1770523800.4517565,,,,,,,,
1770523800.4618928,,,,,,,,
1770523800.472035,,,,,,,,
1770523800.482186,,,,,,,,
1770523800.492756,,,,,,,,
1770523800.5028987,,,,,,,,
1770523800.5130363,,,,,,,,
1770523800.523174,,,,,,,,
1770523800.5333107,,,,,,,,
1770523800.5434682,,,,,,,,
1770523800.5536175,,,,,,,,
1770523800.563735,,,,,,,,
1770523800.5738883,,,,,,,,
1770523800.584021,,,,,,,,
1770523800.5942206,,,,,,,,
1770523800.604358,,,,,,,,
1770523800.6145003,,,,,,,,
1770523800.6246707,,,,,,,,
1770523800.6348279,,,,,,,,
1770523800.6449876,,,,,,,,
1770523800.655173,,,,,,,,
1770523800.6653347,,,,,,,,
1770523800.6754954,,,,,,,,
1770523800.685654,,,,,,,,
1770523800.695836,,,,,,,,
1770523800.706023,,,,,,,,
1770523800.7162116,,,,,,,,
1770523800.7263823,,,,,,,,
1770523800.7365625,,,,,,,,
1770523800.7467322,,,,,,,,
1770523800.756905,,,,,,,,
1770523800.7671,,,,,,,,
1770523800.7772632,,,,,,,,
1770523800.787424,,,,,,,,
1770523800.7981033,,,,,,,,
1770523800.808279,,,,,,,,
1770523800.818447,,,,,,,,
1770523800.8286047,,,,,,,,
1770523800.8387706,,,,,,,,
1770523800.8489485,,,,,,,,
1770523800.8591008,,,,,,,,
1770523800.8692613,,,,,,,,
1770523800.87943,,,,,,,,
1770523800.889586,,,,,,,,
1770523800.8997478,,,,,,,,
1770523800.9099147,,,,,,,,
1770523800.9200962,,,,,,,,
1770523800.9302602,,,,,,,,
1770523800.940465,,,,,,,,
1770523800.9506402,,,,,,,,
1770523800.9608135,,,,,,,,
1770523800.9709907,,,,,,,,
1770523800.9811528,,,,,,,,
1770523800.991318,,,,,,,,
1770523801.001492,,,,,,,,
1770523801.0116532,,,,,,,,
1770523801.0218196,,,,,,,,
1770523801.031949,,,,,,,,
1770523801.0421143,,,,,,,,
1770523801.0522661,,,,,,,,
1770523801.0624394,,,,,,,,
1770523801.072591,,,,,,,,
1770523801.0827513,,,,,,,,
1770523801.0929146,,,,,,,,
1770523801.1030943,,,,,,,,
1770523801.1132429,,,,,,,,
1770523801.1234128,,,,,,,,
1770523801.1335812,,,,,,,,
1770523801.1437511,,,,,,,,
1770523801.1538813,,,,,,,,
1770523801.164013,,,,,,,,
1770523801.174149,,,,,,,,
1770523801.1842816,,,,,,,,
1770523801.1944263,,,,,,,,
1770523801.204572,,,,,,,,
1770523801.2147188,,,,,,,,
1770523801.2248652,,,,,,,,
1770523801.2350116,,,,,,,,
1770523801.2451735,,,,,,,,
1770523801.2553349,,,,,,,,
1770523801.2654877,,,,,,,,
1770523801.275651,,,,,,,,
1770523801.2858117,,,,,,,,
1770523801.2959895,,,,,,,,
1770523801.306166,,,,,,,,
1770523801.3163261,,,,,,,,
1770523801.326486,,,,,,,,
1770523801.3366752,,,,,,,,
1770523801.3468835,,,,,,,,
1770523801.3570762,,,,,,,,
1770523801.3672554,,,,,,,,
1770523801.3774474,,,,,,,,
1770523801.387609,,,,,,,,
1770523801.3977816,,,,,,,,
1770523801.4079542,,,,,,,,
1770523801.4181032,,,,,,,,
1770523801.4282594,,,,,,,,
1770523801.4384286,,,,,,,,
1770523801.4485881,,,,,,,,
1770523801.4587948,,,,,,,,
1770523801.4689636,,,,,,,,
1770523801.479105,,,,,,,,
1770523801.4892697,,,,,,,,
1770523801.499435,,,,,,,,
1770523801.5096219,,,,,,,,
1770523801.519788,,,,,,,,
1770523801.5299559,,,,,,,,
1770523801.540099,,,,,,,,
1770523801.5502598,,,,,,,,
1770523801.5604172,,,,,,,,
1770523801.5705574,,,,,,,,
1770523801.5807023,,,,,,,,
1770523801.5908537,,,,,,,,
1770523801.6011212,,,,,,,,
1770523801.6112683,,,,,,,,
1770523801.6214414,,,,,,,,
1770523801.631627,,,,,,,,
1770523801.641817,,,,,,,,
1770523801.6519876,,,,,,,,
1770523801.6621745,,,,,,,,
1770523801.672363,,,,,,,,
1770523801.6825101,,,,,,,,
1770523801.6926746,,,,,,,,
1770523801.7028356,,,,,,,,
1770523801.712981,,,,,,,,
1770523801.723111,,,,,,,,
1770523801.7332826,,,,,,,,
1770523801.7434886,,,,,,,,
1770523801.753638,,,,,,,,
1770523801.763984,,,,,,,,
1770523801.7741718,,,,,,,,
1770523801.784332,,,,,,,,
1770523801.7945144,,,,,,,,
1770523801.8046722,,,,,,,,
1770523801.8148272,,,,,,,,
1770523801.8250215,,,,,,,,
1770523801.8351836,,,,,,,,
1770523801.8453462,,,,,,,,
1770523801.85551,,,,,,,,
1770523801.8656747,,,,,,,,
1770523801.8758404,,,,,,,,
1770523801.8859906,,,,,,,,
1770523801.8960989,,,,,,,,
1770523801.9062397,,,,,,,,
1770523801.9164252,,,,,,,,
1770523801.9265962,,,,,,,,
1770523801.93682,,,,,,,,
1770523801.946983,,,,,,,,
1770523801.9571543,232,51,141,657,,,,
1770523801.967314,232,51,141,657,,,,
1770523801.9774878,232,51,141,657,,,,
1770523801.9876456,232,51,141,657,,,,
1770523801.9978547,,,,,,,,
1770523802.008008,,,,,,,,
1770523802.0182025,,,,,,,,
1770523802.0283744,,,,,,,,
1770523802.0385256,,,,,,,,
1770523802.048686,,,,,,,,
1770523802.0588455,,,,,,,,
1770523802.0690029,,,,,,,,
1770523802.0791588,,,,,,,,
1770523802.0893078,,,,,,,,
1770523802.099455,,,,,,,,
1770523802.109639,,,,,,,,
1770523802.1198077,,,,,,,,
1770523802.1299577,,,,,,,,
1770523802.1401262,,,,,,,,
1770523802.1502838,,,,,,,,
1770523802.1604424,,,,,,,,
1770523802.1706474,,,,,,,,
1770523802.1808093,,,,,,,,
1770523802.1909854,,,,,,,,
1770523802.201212,,,,,,,,
1770523802.211382,,,,,,,,
1770523802.221607,,,,,,,,
1770523802.2317595,,,,,,,,
1770523802.2419212,,,,,,,,
1770523802.2520983,,,,,,,,
1770523802.2622654,,,,,,,,
1770523802.2724323,,,,,,,,
1770523802.282581,,,,,,,,
1770523802.29274,,,,,,,,
1770523802.302887,,,,,,,,
1770523802.3130593,,,,,,,,
1770523802.323241,,,,,,,,
1770523802.3333972,,,,,,,,
1770523802.3435442,,,,,,,,
1770523802.3537247,,,,,,,,
1770523802.363905,,,,,,,,
1770523802.3740838,,,,,,,,
1770523802.3842497,,,,,,,,
1770523802.394413,,,,,,,,
1770523802.4045582,,,,,,,,
1770523802.4147432,,,,,,,,
1770523802.4249275,,,,,,,,
1770523802.4350975,,,,,,,,
1770523802.4452574,,,,,,,,
1770523802.4554224,,,,,,,,
1770523802.465586,,,,,,,,
1770523802.4757516,,,,,,,,
1770523802.4859123,,,,,,,,
1770523802.4960887,,,,,,,,
1770523802.5062544,,,,,,,,
1770523802.5164225,,,,,,,,
1770523802.5266268,,,,,,,,
1770523802.5368028,,,,,,,,
1770523802.5469775,,,,,,,,
1770523802.5572004,,,,,,,,
1770523802.5673683,,,,,,,,
1770523802.5775473,,,,,,,,
1770523802.587719,,,,,,,,
1770523802.5978968,,,,,,,,
1770523802.6080782,,,,,,,,
1770523802.6182983,,,,,,,,
1770523802.628441,,,,,,,,
1770523802.6386015,,,,,,,,
1770523802.6487448,,,,,,,,
1770523802.6588814,,,,,,,,
1770523802.6690233,,,,,,,,
1770523802.6791666,,,,,,,,
1770523802.6893067,,,,,,,,
1770523802.6994448,,,,,,,,
1770523802.7095835,,,,,,,,
1770523802.719734,,,,,,,,
1770523802.7298727,,,,,,,,
1770523802.7400086,,,,,,,,
1770523802.7511683,,,,,,,,
1770523802.7613056,,,,,,,,
1770523802.771449,,,,,,,,
1770523802.7815883,,,,,,,,
1770523802.7917287,,,,,,,,
1770523802.8018668,,,,,,,,
1770523802.8127995,,,,,,,,
1770523802.822981,,,,,,,,
1770523802.833146,,,,,,,,
1770523802.8432877,,,,,,,,
1770523802.8534253,,,,,,,,
1770523802.8638213,,,,,,,,
1770523802.8750918,,,,,,,,
1770523802.8852267,,,,,,,,
1770523802.895597,,,,,,,,
1770523802.9057195,,,,,,,,
1770523802.9158728,,,,,,,,
1770523802.9262757,,,,,,,,
1770523802.9364123,,,,,,,,
1770523802.946545,,,,,,,,
1770523802.9566736,,,,,,,,
1770523802.9668386,,,,,,,,
1770523802.9769893,,,,,,,,
1770523802.9871016,,,,,,,,
1770523802.9972508,,,,,,,,
1770523803.0074072,,,,,,,,
1770523803.0175607,,,,,,,,
1770523803.0277143,,,,,,,,
1770523803.0378668,,,,,,,,
1770523803.0479958,,,,,,,,
1770523803.0581098,,,,,,,,
